--
-- PostgreSQL database dump
--

-- Dumped from database version 16.1
-- Dumped by pg_dump version 16.1

SET statement_timeout = 0;
SET lock_timeout = 0;
SET idle_in_transaction_session_timeout = 0;
SET client_encoding = 'UTF8';
SET standard_conforming_strings = on;
SELECT pg_catalog.set_config('search_path', '', false);
SET check_function_bodies = false;
SET xmloption = content;
SET client_min_messages = warning;
SET row_security = off;

SET default_tablespace = '';

SET default_table_access_method = heap;

--
-- Name: auth_group; Type: TABLE; Schema: public; Owner: admin
--

CREATE TABLE public.auth_group (
    id integer NOT NULL,
    name character varying(150) NOT NULL
);


ALTER TABLE public.auth_group OWNER TO admin;

--
-- Name: auth_group_id_seq; Type: SEQUENCE; Schema: public; Owner: admin
--

ALTER TABLE public.auth_group ALTER COLUMN id ADD GENERATED BY DEFAULT AS IDENTITY (
    SEQUENCE NAME public.auth_group_id_seq
    START WITH 1
    INCREMENT BY 1
    NO MINVALUE
    NO MAXVALUE
    CACHE 1
);


--
-- Name: auth_group_permissions; Type: TABLE; Schema: public; Owner: admin
--

CREATE TABLE public.auth_group_permissions (
    id bigint NOT NULL,
    group_id integer NOT NULL,
    permission_id integer NOT NULL
);


ALTER TABLE public.auth_group_permissions OWNER TO admin;

--
-- Name: auth_group_permissions_id_seq; Type: SEQUENCE; Schema: public; Owner: admin
--

ALTER TABLE public.auth_group_permissions ALTER COLUMN id ADD GENERATED BY DEFAULT AS IDENTITY (
    SEQUENCE NAME public.auth_group_permissions_id_seq
    START WITH 1
    INCREMENT BY 1
    NO MINVALUE
    NO MAXVALUE
    CACHE 1
);


--
-- Name: auth_permission; Type: TABLE; Schema: public; Owner: admin
--

CREATE TABLE public.auth_permission (
    id integer NOT NULL,
    name character varying(255) NOT NULL,
    content_type_id integer NOT NULL,
    codename character varying(100) NOT NULL
);


ALTER TABLE public.auth_permission OWNER TO admin;

--
-- Name: auth_permission_id_seq; Type: SEQUENCE; Schema: public; Owner: admin
--

ALTER TABLE public.auth_permission ALTER COLUMN id ADD GENERATED BY DEFAULT AS IDENTITY (
    SEQUENCE NAME public.auth_permission_id_seq
    START WITH 1
    INCREMENT BY 1
    NO MINVALUE
    NO MAXVALUE
    CACHE 1
);


--
-- Name: auth_user; Type: TABLE; Schema: public; Owner: admin
--

CREATE TABLE public.auth_user (
    id integer NOT NULL,
    password character varying(128) NOT NULL,
    last_login timestamp with time zone,
    is_superuser boolean NOT NULL,
    username character varying(150) NOT NULL,
    first_name character varying(150) NOT NULL,
    last_name character varying(150) NOT NULL,
    email character varying(254) NOT NULL,
    is_staff boolean NOT NULL,
    is_active boolean NOT NULL,
    date_joined timestamp with time zone NOT NULL
);


ALTER TABLE public.auth_user OWNER TO admin;

--
-- Name: auth_user_groups; Type: TABLE; Schema: public; Owner: admin
--

CREATE TABLE public.auth_user_groups (
    id bigint NOT NULL,
    user_id integer NOT NULL,
    group_id integer NOT NULL
);


ALTER TABLE public.auth_user_groups OWNER TO admin;

--
-- Name: auth_user_groups_id_seq; Type: SEQUENCE; Schema: public; Owner: admin
--

ALTER TABLE public.auth_user_groups ALTER COLUMN id ADD GENERATED BY DEFAULT AS IDENTITY (
    SEQUENCE NAME public.auth_user_groups_id_seq
    START WITH 1
    INCREMENT BY 1
    NO MINVALUE
    NO MAXVALUE
    CACHE 1
);


--
-- Name: auth_user_id_seq; Type: SEQUENCE; Schema: public; Owner: admin
--

ALTER TABLE public.auth_user ALTER COLUMN id ADD GENERATED BY DEFAULT AS IDENTITY (
    SEQUENCE NAME public.auth_user_id_seq
    START WITH 1
    INCREMENT BY 1
    NO MINVALUE
    NO MAXVALUE
    CACHE 1
);


--
-- Name: auth_user_user_permissions; Type: TABLE; Schema: public; Owner: admin
--

CREATE TABLE public.auth_user_user_permissions (
    id bigint NOT NULL,
    user_id integer NOT NULL,
    permission_id integer NOT NULL
);


ALTER TABLE public.auth_user_user_permissions OWNER TO admin;

--
-- Name: auth_user_user_permissions_id_seq; Type: SEQUENCE; Schema: public; Owner: admin
--

ALTER TABLE public.auth_user_user_permissions ALTER COLUMN id ADD GENERATED BY DEFAULT AS IDENTITY (
    SEQUENCE NAME public.auth_user_user_permissions_id_seq
    START WITH 1
    INCREMENT BY 1
    NO MINVALUE
    NO MAXVALUE
    CACHE 1
);


--
-- Name: django_admin_log; Type: TABLE; Schema: public; Owner: admin
--

CREATE TABLE public.django_admin_log (
    id integer NOT NULL,
    action_time timestamp with time zone NOT NULL,
    object_id text,
    object_repr character varying(200) NOT NULL,
    action_flag smallint NOT NULL,
    change_message text NOT NULL,
    content_type_id integer,
    user_id integer NOT NULL,
    CONSTRAINT django_admin_log_action_flag_check CHECK ((action_flag >= 0))
);


ALTER TABLE public.django_admin_log OWNER TO admin;

--
-- Name: django_admin_log_id_seq; Type: SEQUENCE; Schema: public; Owner: admin
--

ALTER TABLE public.django_admin_log ALTER COLUMN id ADD GENERATED BY DEFAULT AS IDENTITY (
    SEQUENCE NAME public.django_admin_log_id_seq
    START WITH 1
    INCREMENT BY 1
    NO MINVALUE
    NO MAXVALUE
    CACHE 1
);


--
-- Name: django_content_type; Type: TABLE; Schema: public; Owner: admin
--

CREATE TABLE public.django_content_type (
    id integer NOT NULL,
    app_label character varying(100) NOT NULL,
    model character varying(100) NOT NULL
);


ALTER TABLE public.django_content_type OWNER TO admin;

--
-- Name: django_content_type_id_seq; Type: SEQUENCE; Schema: public; Owner: admin
--

ALTER TABLE public.django_content_type ALTER COLUMN id ADD GENERATED BY DEFAULT AS IDENTITY (
    SEQUENCE NAME public.django_content_type_id_seq
    START WITH 1
    INCREMENT BY 1
    NO MINVALUE
    NO MAXVALUE
    CACHE 1
);


--
-- Name: django_migrations; Type: TABLE; Schema: public; Owner: admin
--

CREATE TABLE public.django_migrations (
    id bigint NOT NULL,
    app character varying(255) NOT NULL,
    name character varying(255) NOT NULL,
    applied timestamp with time zone NOT NULL
);


ALTER TABLE public.django_migrations OWNER TO admin;

--
-- Name: django_migrations_id_seq; Type: SEQUENCE; Schema: public; Owner: admin
--

ALTER TABLE public.django_migrations ALTER COLUMN id ADD GENERATED BY DEFAULT AS IDENTITY (
    SEQUENCE NAME public.django_migrations_id_seq
    START WITH 1
    INCREMENT BY 1
    NO MINVALUE
    NO MAXVALUE
    CACHE 1
);


--
-- Name: django_session; Type: TABLE; Schema: public; Owner: admin
--

CREATE TABLE public.django_session (
    session_key character varying(40) NOT NULL,
    session_data text NOT NULL,
    expire_date timestamp with time zone NOT NULL
);


ALTER TABLE public.django_session OWNER TO admin;

--
-- Name: services_reports; Type: TABLE; Schema: public; Owner: admin
--

CREATE TABLE public.services_reports (
    id bigint NOT NULL,
    date date NOT NULL,
    amount integer NOT NULL,
    sum double precision NOT NULL,
    date_create timestamp with time zone NOT NULL,
    date_edit timestamp with time zone NOT NULL,
    service_id bigint,
    structure_id bigint NOT NULL,
    nds double precision NOT NULL,
    CONSTRAINT services_reports_amount_check CHECK ((amount >= 0))
);


ALTER TABLE public.services_reports OWNER TO admin;

--
-- Name: services_reports_id_seq; Type: SEQUENCE; Schema: public; Owner: admin
--

ALTER TABLE public.services_reports ALTER COLUMN id ADD GENERATED BY DEFAULT AS IDENTITY (
    SEQUENCE NAME public.services_reports_id_seq
    START WITH 1
    INCREMENT BY 1
    NO MINVALUE
    NO MAXVALUE
    CACHE 1
);


--
-- Name: services_roles; Type: TABLE; Schema: public; Owner: admin
--

CREATE TABLE public.services_roles (
    id bigint NOT NULL,
    name character varying(100) NOT NULL,
    description text NOT NULL
);


ALTER TABLE public.services_roles OWNER TO admin;

--
-- Name: services_roles_id_seq; Type: SEQUENCE; Schema: public; Owner: admin
--

ALTER TABLE public.services_roles ALTER COLUMN id ADD GENERATED BY DEFAULT AS IDENTITY (
    SEQUENCE NAME public.services_roles_id_seq
    START WITH 1
    INCREMENT BY 1
    NO MINVALUE
    NO MAXVALUE
    CACHE 1
);


--
-- Name: services_services; Type: TABLE; Schema: public; Owner: admin
--

CREATE TABLE public.services_services (
    id bigint NOT NULL,
    name character varying(100) NOT NULL,
    description text NOT NULL,
    price double precision NOT NULL,
    structure_id bigint NOT NULL
);


ALTER TABLE public.services_services OWNER TO admin;

--
-- Name: services_services_id_seq; Type: SEQUENCE; Schema: public; Owner: admin
--

ALTER TABLE public.services_services ALTER COLUMN id ADD GENERATED BY DEFAULT AS IDENTITY (
    SEQUENCE NAME public.services_services_id_seq
    START WITH 1
    INCREMENT BY 1
    NO MINVALUE
    NO MAXVALUE
    CACHE 1
);


--
-- Name: services_structures; Type: TABLE; Schema: public; Owner: admin
--

CREATE TABLE public.services_structures (
    id bigint NOT NULL,
    name character varying(100) NOT NULL,
    description text NOT NULL,
    employee_id bigint NOT NULL,
    earned double precision NOT NULL,
    plan double precision NOT NULL
);


ALTER TABLE public.services_structures OWNER TO admin;

--
-- Name: services_structures_id_seq; Type: SEQUENCE; Schema: public; Owner: admin
--

ALTER TABLE public.services_structures ALTER COLUMN id ADD GENERATED BY DEFAULT AS IDENTITY (
    SEQUENCE NAME public.services_structures_id_seq
    START WITH 1
    INCREMENT BY 1
    NO MINVALUE
    NO MAXVALUE
    CACHE 1
);


--
-- Name: services_users; Type: TABLE; Schema: public; Owner: admin
--

CREATE TABLE public.services_users (
    id bigint NOT NULL,
    surname character varying(100) NOT NULL,
    name character varying(150) NOT NULL,
    role_id bigint NOT NULL,
    user_id integer,
    avatar character varying(100),
    email character varying(200)
);


ALTER TABLE public.services_users OWNER TO admin;

--
-- Name: services_users_id_seq; Type: SEQUENCE; Schema: public; Owner: admin
--

ALTER TABLE public.services_users ALTER COLUMN id ADD GENERATED BY DEFAULT AS IDENTITY (
    SEQUENCE NAME public.services_users_id_seq
    START WITH 1
    INCREMENT BY 1
    NO MINVALUE
    NO MAXVALUE
    CACHE 1
);


--
-- Data for Name: auth_group; Type: TABLE DATA; Schema: public; Owner: admin
--

COPY public.auth_group (id, name) FROM stdin;
\.


--
-- Data for Name: auth_group_permissions; Type: TABLE DATA; Schema: public; Owner: admin
--

COPY public.auth_group_permissions (id, group_id, permission_id) FROM stdin;
\.


--
-- Data for Name: auth_permission; Type: TABLE DATA; Schema: public; Owner: admin
--

COPY public.auth_permission (id, name, content_type_id, codename) FROM stdin;
1	Can add log entry	1	add_logentry
2	Can change log entry	1	change_logentry
3	Can delete log entry	1	delete_logentry
4	Can view log entry	1	view_logentry
5	Can add permission	2	add_permission
6	Can change permission	2	change_permission
7	Can delete permission	2	delete_permission
8	Can view permission	2	view_permission
9	Can add group	3	add_group
10	Can change group	3	change_group
11	Can delete group	3	delete_group
12	Can view group	3	view_group
13	Can add user	4	add_user
14	Can change user	4	change_user
15	Can delete user	4	delete_user
16	Can view user	4	view_user
17	Can add content type	5	add_contenttype
18	Can change content type	5	change_contenttype
19	Can delete content type	5	delete_contenttype
20	Can view content type	5	view_contenttype
21	Can add session	6	add_session
22	Can change session	6	change_session
23	Can delete session	6	delete_session
24	Can view session	6	view_session
25	Can add Роль	7	add_roles
26	Can change Роль	7	change_roles
27	Can delete Роль	7	delete_roles
28	Can view Роль	7	view_roles
29	Can add Пользователь	8	add_users
30	Can change Пользователь	8	change_users
31	Can delete Пользователь	8	delete_users
32	Can view Пользователь	8	view_users
33	Can add Структура	9	add_structures
34	Can change Структура	9	change_structures
35	Can delete Структура	9	delete_structures
36	Can view Структура	9	view_structures
37	Can add Услуга	10	add_services
38	Can change Услуга	10	change_services
39	Can delete Услуга	10	delete_services
40	Can view Услуга	10	view_services
41	Can add Отчет	11	add_reports
42	Can change Отчет	11	change_reports
43	Can delete Отчет	11	delete_reports
44	Can view Отчет	11	view_reports
45	Can add Заказ	12	add_orders
46	Can change Заказ	12	change_orders
47	Can delete Заказ	12	delete_orders
48	Can view Заказ	12	view_orders
\.


--
-- Data for Name: auth_user; Type: TABLE DATA; Schema: public; Owner: admin
--

COPY public.auth_user (id, password, last_login, is_superuser, username, first_name, last_name, email, is_staff, is_active, date_joined) FROM stdin;
2	pbkdf2_sha256$600000$IBhjeR8w4cW3CLH2UIDghi$+9jbLGPepoB2x6aBKMDjuxfjfLg8r9W+MN1zA5P+ExQ=	2024-05-30 13:47:25.076673+00	f	GushtinNS	Наталья Сергеевна	Гуштын		f	t	2023-08-22 18:37:46+00
6	pbkdf2_sha256$600000$gXauyOvoMwZGrz6y5yWA2N$TWFmnRsApxyBgy/DjeL5AhFH9uyPs3XsAwRIhYvnZjc=	2024-05-31 06:27:46.367472+00	f	economist				f	t	2024-03-14 10:25:37.528756+00
7	pbkdf2_sha256$600000$M69N1TXrg6IXBfZN9HGel7$KK+BjozeFjJJvBSAdj2ckoY3SIZPSH0QoOIHoJFw8hw=	2024-04-10 11:08:53.45548+00	f	GushtinNS_lib	Наталья Сергеевна	Гуштын		f	t	2024-04-08 13:43:47+00
1	pbkdf2_sha256$600000$TsJ3E8FSZPgWdrHDsGk3f9$7psw1k8le9iKzS+512mZX6AYGY486YeesG/XtV9o8Ig=	2024-06-13 18:28:52.17634+00	t	admin			evgenii.plus@gmail.com	t	t	2023-08-22 16:58:34+00
5	pbkdf2_sha256$600000$8rtph1nP2bHBA5pxz7NTGm$DkgtaSS4XC5w/UyfpBu66SjU84uzITcjkV072t1EsgQ=	2024-06-22 09:20:37.195375+00	f	SachenkoES				f	t	2023-10-19 18:07:30.724666+00
\.


--
-- Data for Name: auth_user_groups; Type: TABLE DATA; Schema: public; Owner: admin
--

COPY public.auth_user_groups (id, user_id, group_id) FROM stdin;
\.


--
-- Data for Name: auth_user_user_permissions; Type: TABLE DATA; Schema: public; Owner: admin
--

COPY public.auth_user_user_permissions (id, user_id, permission_id) FROM stdin;
\.


--
-- Data for Name: django_admin_log; Type: TABLE DATA; Schema: public; Owner: admin
--

COPY public.django_admin_log (id, action_time, object_id, object_repr, action_flag, change_message, content_type_id, user_id) FROM stdin;
1	2023-08-22 17:06:02.791997+00	1	Администратор	1	[{"added": {}}]	7	1
2	2023-08-22 17:06:04.397323+00	1	Саченко Евгений Сергеевич	1	[{"added": {}}]	8	1
3	2023-08-22 17:07:21.559226+00	2	Оператор	1	[{"added": {}}]	7	1
34	2023-08-22 18:37:46.783285+00	2	GushtinNS	1	[{"added": {}}]	4	1
35	2023-08-22 18:38:04.899221+00	34	Гуштын Наталья Сергеевна	1	[{"added": {}}]	8	1
36	2023-08-22 18:38:40.253089+00	3	AdamchikTN	1	[{"added": {}}]	4	1
37	2023-08-22 18:39:04.921004+00	2	Оператор	2	[]	7	1
38	2023-08-22 18:39:23.116038+00	35	Адамчик Татьяна Николаевна	1	[{"added": {}}]	8	1
39	2023-08-22 18:40:37.429394+00	4	AniskoTI	1	[{"added": {}}]	4	1
40	2023-08-22 18:40:59.503052+00	34	Экономист	1	[{"added": {}}]	7	1
41	2023-08-22 18:41:01.030265+00	36	Аниско Татьяна Ивановна	1	[{"added": {}}]	8	1
42	2023-08-22 18:43:21.020973+00	1	Информационно-библиотечный центр	1	[{"added": {}}]	9	1
43	2023-08-22 18:43:34.610476+00	2	Ксерокопирование	1	[{"added": {}}]	9	1
44	2023-08-22 18:44:05.096876+00	1	Печать А4	1	[{"added": {}}]	10	1
45	2023-08-22 18:44:21.286519+00	2	Печать А4 с предоставлением файла	1	[{"added": {}}]	10	1
46	2023-08-22 18:45:06.13908+00	3	Записьна на flash-карту до 250 Мб	1	[{"added": {}}]	10	1
47	2023-08-22 18:45:25.244417+00	4	Ксерокопирование А4	1	[{"added": {}}]	10	1
48	2023-08-22 18:45:47.603272+00	5	Ксерокопирование А4 двухсторонняя	1	[{"added": {}}]	10	1
49	2023-08-22 19:43:39.035591+00	3	AdamchikTN	2	[{"changed": {"fields": ["First name", "Last name"]}}]	4	1
50	2023-08-22 19:43:56.851433+00	4	AniskoTI	2	[{"changed": {"fields": ["First name", "Last name"]}}]	4	1
51	2023-08-22 19:44:10.220615+00	2	GushtinNS	2	[{"changed": {"fields": ["First name", "Last name"]}}]	4	1
52	2023-08-25 07:15:09.797793+00	5	Ксерокопирование двухстороннее	2	[{"changed": {"fields": ["\\u041d\\u0430\\u0437\\u0432\\u0430\\u043d\\u0438\\u0435"]}}]	10	1
53	2023-08-25 07:15:16.668188+00	2	Печать с предоставлением файла	2	[{"changed": {"fields": ["\\u041d\\u0430\\u0437\\u0432\\u0430\\u043d\\u0438\\u0435"]}}]	10	1
85	2023-08-27 19:04:51.405632+00	3	AdamchikTN	2	[{"changed": {"fields": ["password"]}}]	4	1
86	2023-08-28 13:55:03.469992+00	49	2023-08-28 Набор и редактирование (титульный лист) 	3		11	1
87	2023-08-28 13:55:03.475051+00	48	2023-08-28 Двустороння распечатка текста с любого носителя цифровой информации 	3		11	1
88	2023-08-28 13:55:03.476762+00	47	2023-08-28 Распечатка текста с любого носителя цифровой информации (с предоставлением файла-вкладыша) 	3		11	1
89	2023-08-28 13:55:03.482211+00	46	2023-08-28 Распечатка текста с любого носителя цифровой информации 	3		11	1
90	2023-08-28 13:55:03.483941+00	45	2023-08-28 Набор и редактирование (титульный лист) 	3		11	1
91	2023-08-28 13:55:03.485368+00	44	2023-08-28 Двустороння распечатка текста с любого носителя цифровой информации 	3		11	1
92	2023-08-28 13:55:03.486817+00	43	2023-08-28 Распечатка текста с любого носителя цифровой информации (с предоставлением файла-вкладыша) 	3		11	1
93	2023-08-28 13:55:03.487924+00	42	2023-08-28 Распечатка текста с любого носителя цифровой информации 	3		11	1
94	2023-08-28 13:55:03.489111+00	11	2023-08-25 Двустороння распечатка текста с любого носителя цифровой информации 	3		11	1
95	2023-08-28 13:55:03.490198+00	10	2023-08-25 Распечатка текста с любого носителя цифровой информации (с предоставлением файла-вкладыша) 	3		11	1
96	2023-08-28 13:55:03.491802+00	9	2023-08-25 Распечатка текста с любого носителя цифровой информации 	3		11	1
97	2023-08-28 13:55:03.492968+00	8	2023-08-18 Двустороння распечатка текста с любого носителя цифровой информации 	3		11	1
98	2023-08-28 13:55:03.494096+00	7	2023-08-18 Распечатка текста с любого носителя цифровой информации (с предоставлением файла-вкладыша) 	3		11	1
99	2023-08-28 13:55:03.497916+00	6	2023-08-18 Распечатка текста с любого носителя цифровой информации 	3		11	1
100	2023-08-28 13:55:03.499273+00	5	2023-08-22 Двустороння распечатка текста с любого носителя цифровой информации 	3		11	1
101	2023-08-28 13:55:03.500432+00	4	2023-08-22 Распечатка текста с любого носителя цифровой информации (с предоставлением файла-вкладыша) 	3		11	1
102	2023-08-28 13:55:03.501647+00	3	2023-08-22 Распечатка текста с любого носителя цифровой информации 	3		11	1
103	2023-08-28 13:55:03.502783+00	2	2023-08-22 Распечатка текста с любого носителя цифровой информации (с предоставлением файла-вкладыша) 	3		11	1
104	2023-08-28 13:55:03.503845+00	1	2023-08-22 Распечатка текста с любого носителя цифровой информации 	3		11	1
105	2023-09-14 18:21:58.575664+00	82	2023-09-14 Распечатка текста с любого носителя цифровой информации 	2	[{"changed": {"fields": ["\\u0418\\u0437 \\u043d\\u0438\\u0445 \\u041d\\u0414\\u0421"]}}]	11	1
106	2023-09-14 18:21:58.5813+00	81	2023-09-14 Запись информации на флеш-карту от 350 Мб до 1 Гб 	2	[{"changed": {"fields": ["\\u0418\\u0437 \\u043d\\u0438\\u0445 \\u041d\\u0414\\u0421"]}}]	11	1
107	2023-09-14 18:21:58.588212+00	80	2023-09-14 Запись информации на флеш-карту до 350 Мб 	2	[{"changed": {"fields": ["\\u0418\\u0437 \\u043d\\u0438\\u0445 \\u041d\\u0414\\u0421"]}}]	11	1
108	2023-09-14 18:21:58.59115+00	79	2023-09-14 Набор и редактирование текста любой сложности (без распечатки) 	2	[{"changed": {"fields": ["\\u0418\\u0437 \\u043d\\u0438\\u0445 \\u041d\\u0414\\u0421"]}}]	11	1
109	2023-09-14 18:21:58.597185+00	78	2023-09-14 Набор и редактирование (титульный лист) 	2	[{"changed": {"fields": ["\\u0418\\u0437 \\u043d\\u0438\\u0445 \\u041d\\u0414\\u0421"]}}]	11	1
122	2023-10-25 18:26:04.833006+00	165	2023-10-23 Пробный тест на высшую категорию	3		11	1
148	2024-04-08 18:35:21.919995+00	26	3	3		10	1
110	2023-09-14 18:21:58.603131+00	77	2023-09-14 Двустороння распечатка текста с любого носителя цифровой информации 	2	[{"changed": {"fields": ["\\u0418\\u0437 \\u043d\\u0438\\u0445 \\u041d\\u0414\\u0421"]}}]	11	1
111	2023-09-14 18:21:58.606364+00	76	2023-09-14 Распечатка текста с любого носителя цифровой информации (с предоставлением файла-вкладыша) 	2	[{"changed": {"fields": ["\\u0418\\u0437 \\u043d\\u0438\\u0445 \\u041d\\u0414\\u0421"]}}]	11	1
112	2023-09-14 18:21:58.612064+00	75	2023-09-13 Распечатка текста с любого носителя цифровой информации 	2	[{"changed": {"fields": ["\\u0418\\u0437 \\u043d\\u0438\\u0445 \\u041d\\u0414\\u0421"]}}]	11	1
113	2023-09-14 18:21:58.614959+00	74	2023-09-13 Запись информации на флеш-карту от 350 Мб до 1 Гб 	2	[{"changed": {"fields": ["\\u0418\\u0437 \\u043d\\u0438\\u0445 \\u041d\\u0414\\u0421"]}}]	11	1
114	2023-09-14 18:21:58.620028+00	73	2023-09-13 Прием/отправка файлов по электронной почте (до 10 Мб) 	2	[{"changed": {"fields": ["\\u0418\\u0437 \\u043d\\u0438\\u0445 \\u041d\\u0414\\u0421"]}}]	11	1
115	2023-09-14 18:21:58.624064+00	72	2023-09-13 Набор и редактирование текста любой сложности (без распечатки) 	2	[{"changed": {"fields": ["\\u0418\\u0437 \\u043d\\u0438\\u0445 \\u041d\\u0414\\u0421"]}}]	11	1
116	2023-09-14 18:21:58.628996+00	71	2023-09-13 Распечатка текста с любого носителя цифровой информации (с предоставлением файла-вкладыша) 	2	[{"changed": {"fields": ["\\u0418\\u0437 \\u043d\\u0438\\u0445 \\u041d\\u0414\\u0421"]}}]	11	1
117	2023-10-19 18:05:42.415858+00	3	Пробный тест на высшую категорию	1	[{"added": {}}]	9	1
118	2023-10-19 18:07:31.203681+00	5	SachenkoES	1	[{"added": {}}]	4	1
119	2023-10-19 18:07:43.850041+00	37	Саченко Евгений Сергеевич	1	[{"added": {}}]	8	1
120	2023-10-19 18:07:54.212268+00	3	Пробный тест на высшую категорию	2	[{"changed": {"fields": ["\\u0421\\u043e\\u0442\\u0440\\u0443\\u0434\\u043d\\u0438\\u043a"]}}]	9	1
121	2023-10-25 09:03:49.480922+00	166	2023-10-25 Распечатка текста с любого носителя цифровой информации (с предоставлением файла-вкладыша) 	3		11	1
123	2024-03-13 08:20:50.891855+00	1	Информационно-библиотечный центр	2	[{"changed": {"fields": ["\\u041f\\u043b\\u0430\\u043d"]}}]	9	1
124	2024-03-13 08:21:16.65093+00	2	Ксерокопирование	2	[{"changed": {"fields": ["\\u041f\\u043b\\u0430\\u043d"]}}]	9	1
125	2024-03-13 08:21:33.509535+00	3	Пробный тест на высшую категорию	2	[{"changed": {"fields": ["\\u041f\\u043b\\u0430\\u043d"]}}]	9	1
126	2024-03-13 08:27:18.425381+00	37	Саченко Евгений Сергеевич	2	[{"changed": {"fields": ["Email"]}}]	8	1
127	2024-03-13 08:30:04.109259+00	36	Аниско Татьяна Ивановна	3		8	1
128	2024-03-13 08:30:34.858502+00	2	Ксерокопирование	3		9	1
129	2024-03-13 08:30:50.556235+00	3	AdamchikTN	3		4	1
130	2024-03-13 08:30:50.559116+00	4	AniskoTI	3		4	1
131	2024-03-13 08:31:14.698136+00	37	Саченко Евгений Сергеевич	2	[{"changed": {"fields": ["Email"]}}]	8	1
132	2024-03-13 08:31:21.266328+00	1	Саченко Евгений Сергеевич	2	[{"changed": {"fields": ["Email"]}}]	8	1
133	2024-03-14 10:25:37.945931+00	6	economist	1	[{"added": {}}]	4	1
134	2024-03-14 10:26:23.808392+00	38	Экономист Экономист	1	[{"added": {}}]	8	1
135	2024-03-20 20:02:45.160485+00	389	2024-03-21 Пробный тест на высшую категорию	3		11	1
136	2024-04-03 07:12:38.703555+00	1	Оператор	1	[{"added": {}}]	3	1
137	2024-04-03 07:12:54.783885+00	2	Администратор	1	[{"added": {}}]	3	1
138	2024-04-03 07:13:39.262096+00	3	Экономист	1	[{"added": {}}]	3	1
139	2024-04-08 13:28:23.557648+00	4	Библиотека	1	[{"added": {}}]	9	1
140	2024-04-08 13:29:56.77909+00	4	Библиотека	3		9	1
141	2024-04-08 13:43:48.322189+00	7	GushtinNS_lib	1	[{"added": {}}]	4	1
142	2024-04-08 13:43:58.151647+00	39	Гуштын Наталья Сергеевна	1	[{"added": {}}]	8	1
143	2024-04-08 13:45:04.074674+00	5	Библиотека	1	[{"added": {}}]	9	1
144	2024-04-08 13:46:02.775138+00	7	GushtinNS_lib	2	[{"changed": {"fields": ["First name", "Last name", "Groups"]}}]	4	1
145	2024-04-08 17:02:24.522073+00	1	admin	2	[{"changed": {"fields": ["Groups"]}}]	4	1
146	2024-04-08 17:02:47.732387+00	1	admin	2	[{"changed": {"fields": ["User permissions"]}}]	4	1
147	2024-04-08 17:03:21.608753+00	1	admin	2	[{"changed": {"fields": ["Groups", "User permissions"]}}]	4	1
149	2024-04-08 19:40:28.148519+00	26	25	2	[{"changed": {"fields": ["\\u041d\\u0430\\u0437\\u0432\\u0430\\u043d\\u0438\\u0435"]}}]	10	1
150	2024-04-08 19:40:45.635061+00	26	0	2	[{"changed": {"fields": ["\\u041d\\u0430\\u0437\\u0432\\u0430\\u043d\\u0438\\u0435", "\\u0421\\u0442\\u043e\\u0438\\u043c\\u043e\\u0441\\u0442\\u044c"]}}]	10	1
151	2024-04-09 10:52:53.094492+00	27	Пользование книгой и/или журналом за 1 сутки	2	[{"changed": {"fields": ["\\u041d\\u0430\\u0437\\u0432\\u0430\\u043d\\u0438\\u0435"]}}]	10	1
152	2024-04-09 10:53:26.83664+00	2	Администратор	3		3	1
153	2024-04-09 10:53:26.83971+00	1	Оператор	3		3	1
154	2024-04-09 10:53:26.840942+00	3	Экономист	3		3	1
155	2024-04-09 10:59:21.43545+00	23	Открытие абонемента от 1 месяца до 1 года для физических лиц	2	[{"changed": {"fields": ["\\u041d\\u0430\\u0437\\u0432\\u0430\\u043d\\u0438\\u0435", "\\u041e\\u043f\\u0438\\u0441\\u0430\\u043d\\u0438\\u0435", "\\u0421\\u0442\\u043e\\u0438\\u043c\\u043e\\u0441\\u0442\\u044c"]}}]	10	1
158	2024-04-09 11:04:54.841756+00	28	Подготовка полного библиографического списка к рефератам и/или выпускным работам без аннотации	1	[{"added": {}}]	10	1
159	2024-04-24 08:01:38.902383+00	6	economist	2	[{"changed": {"fields": ["password"]}}]	4	1
156	2024-04-09 11:01:17.936585+00	27	Редактирование списка использованных источников к рефератам и/или выпускным работам слушателей	2	[{"changed": {"fields": ["\\u041d\\u0430\\u0437\\u0432\\u0430\\u043d\\u0438\\u0435", "\\u041e\\u043f\\u0438\\u0441\\u0430\\u043d\\u0438\\u0435", "\\u0421\\u0442\\u043e\\u0438\\u043c\\u043e\\u0441\\u0442\\u044c"]}}]	10	1
157	2024-04-09 11:03:57.820261+00	25	Дополнение представленного библиографического списка к рефератам и/или выпускным работам слушателей	2	[{"changed": {"fields": ["\\u041d\\u0430\\u0437\\u0432\\u0430\\u043d\\u0438\\u0435", "\\u041e\\u043f\\u0438\\u0441\\u0430\\u043d\\u0438\\u0435", "\\u0421\\u0442\\u043e\\u0438\\u043c\\u043e\\u0441\\u0442\\u044c"]}}]	10	1
160	2024-05-03 13:26:56.560979+00	461	2024-05-03 Распечатка текста с любого носителя цифровой информации (с предоставлением файла-вкладыша) 	3		11	1
\.


--
-- Data for Name: django_content_type; Type: TABLE DATA; Schema: public; Owner: admin
--

COPY public.django_content_type (id, app_label, model) FROM stdin;
1	admin	logentry
2	auth	permission
3	auth	group
4	auth	user
5	contenttypes	contenttype
6	sessions	session
7	services	roles
8	services	users
9	services	structures
10	services	services
11	services	reports
12	services	orders
\.


--
-- Data for Name: django_migrations; Type: TABLE DATA; Schema: public; Owner: admin
--

COPY public.django_migrations (id, app, name, applied) FROM stdin;
1	contenttypes	0001_initial	2023-10-22 20:35:02.367774+00
2	auth	0001_initial	2023-10-22 20:35:02.454822+00
3	admin	0001_initial	2023-10-22 20:35:02.488128+00
4	admin	0002_logentry_remove_auto_add	2023-10-22 20:35:02.505253+00
5	admin	0003_logentry_add_action_flag_choices	2023-10-22 20:35:02.524862+00
6	contenttypes	0002_remove_content_type_name	2023-10-22 20:35:02.557217+00
7	auth	0002_alter_permission_name_max_length	2023-10-22 20:35:02.575572+00
8	auth	0003_alter_user_email_max_length	2023-10-22 20:35:02.593777+00
9	auth	0004_alter_user_username_opts	2023-10-22 20:35:02.610259+00
10	auth	0005_alter_user_last_login_null	2023-10-22 20:35:02.627825+00
11	auth	0006_require_contenttypes_0002	2023-10-22 20:35:02.633487+00
12	auth	0007_alter_validators_add_error_messages	2023-10-22 20:35:02.649886+00
13	auth	0008_alter_user_username_max_length	2023-10-22 20:35:02.674788+00
14	auth	0009_alter_user_last_name_max_length	2023-10-22 20:35:02.696487+00
15	auth	0010_alter_group_name_max_length	2023-10-22 20:35:02.710338+00
16	auth	0011_update_proxy_permissions	2023-10-22 20:35:02.721001+00
17	auth	0012_alter_user_first_name_max_length	2023-10-22 20:35:02.732797+00
18	services	0001_initial	2023-10-22 20:35:02.819023+00
19	services	0002_reports_nds	2023-10-22 20:35:02.834575+00
20	services	0003_alter_reports_nds	2023-10-22 20:35:02.844362+00
21	services	0004_alter_reports_nds	2023-10-22 20:35:02.853411+00
22	sessions	0001_initial	2023-10-22 20:35:02.869556+00
23	services	0002_structures_earned_structures_plan_users_avatar_and_more	2024-03-13 08:16:27.430442+00
24	services	0003_alter_reports_service	2024-04-08 18:11:14.0164+00
\.


--
-- Data for Name: django_session; Type: TABLE DATA; Schema: public; Owner: admin
--

COPY public.django_session (session_key, session_data, expire_date) FROM stdin;
771q1gp2cdaswrdvw59se5w1136ccni3	.eJxVjDsOwjAQBe_iGln-fyjpcwZrnV3jAHKkOKkQd0eWUkD7Zua9WYJjr-notKUF2ZUpdvndMsxPagPgA9p95fPa9m3JfCj8pJ1PK9Lrdrp_BxV6HbVwUhUJJWZrQiSJPoeMLgiiLMkIXbxArQmMtUIasi6SCxBL9FoFYp8v51A3tA:1qYWOW:QRJi6WaiiBohKJr62MThCxr3qk4OOVJFCx-eLWg-YLQ	2023-09-05 18:46:24.200104+00
jwerflw423i1v6o5sysc1c47efdbbywy	.eJxVjDsOwjAQBe_iGln-fyjpcwZrnV3jAHKkOKkQd0eWUkD7Zua9WYJjr-notKUF2ZUpdvndMsxPagPgA9p95fPa9m3JfCj8pJ1PK9Lrdrp_BxV6HbVwUhUJJWZrQiSJPoeMLgiiLMkIXbxArQmMtUIasi6SCxBL9FoFYp8v51A3tA:1qaV6k:b6yAC-wxXKBV5Bnti43VTNoG0do8dMEYYKCzGbLdANE	2023-09-11 05:48:14.105515+00
ex5e9aufbqg7a2fcubaumx5w7rnjotqv	.eJxVjDsOwjAQBe_iGln-fyjpcwZrnV3jAHKkOKkQd0eWUkD7Zua9WYJjr-notKUF2ZUpdvndMsxPagPgA9p95fPa9m3JfCj8pJ1PK9Lrdrp_BxV6HbVwUhUJJWZrQiSJPoeMLgiiLMkIXbxArQmMtUIasi6SCxBL9FoFYp8v51A3tA:1qaVBJ:Zg54O2d6XPhse5VRbo5qnUfhBNlzgoYkivFIY6m7S14	2023-09-11 05:52:57.42178+00
h39fkjxs0g198d1ywukhlwu1kbn7z6do	.eJxVjDsOwjAQBe_iGln-fyjpcwZrnV3jAHKkOKkQd0eWUkD7Zua9WYJjr-notKUF2ZUpdvndMsxPagPgA9p95fPa9m3JfCj8pJ1PK9Lrdrp_BxV6HbVwUhUJJWZrQiSJPoeMLgiiLMkIXbxArQmMtUIasi6SCxBL9FoFYp8v51A3tA:1qaVBK:CQuubgTLB2YF6lzIUmnhBMuD9ncDno7K118SojuXMCc	2023-09-11 05:52:58.141902+00
w8snqzjzafj3rrgce7hrinryevn4b585	.eJxVjDsOwjAQRO_iGlnxVzYlPWewvN5dHECOFCdVxN1JpBRQzrw3s4mU16WmtdOcRhRXYcXlt4NcXtQOgM_cHpMsU1vmEeShyJN2eZ-Q3rfT_Tuoudd9TV4Tm-CdB0IflFOGM0UV1B6yCRiNInAEkYEHoykWjhoHYHTeWiU-X-fxOBc:1qaZGY:497ZEdmpljwP4GwGYlb50Mw9USwCJkZgq6WbeX34U3Q	2023-09-11 10:14:38.614193+00
1ji3tb3j05vumeshrn8f1e6xiffzv15q	.eJxVjDsOwjAQBe_iGln-fyjpcwZrnV3jAHKkOKkQd0eWUkD7Zua9WYJjr-notKUF2ZUpdvndMsxPagPgA9p95fPa9m3JfCj8pJ1PK9Lrdrp_BxV6HbVwUhUJJWZrQiSJPoeMLgiiLMkIXbxArQmMtUIasi6SCxBL9FoFYp8v51A3tA:1qaZRj:tfdG51mxUEYhwxZAkiWy-I5A8Xanhpp1vqNcWXAsbwM	2023-09-11 10:26:11.024123+00
z66gpd8ltjadyqwbdm5rtnoaziooayrf	.eJxVjDsOwjAQBe_iGln-fyjpcwZrnV3jAHKkOKkQd0eWUkD7Zua9WYJjr-notKUF2ZUpdvndMsxPagPgA9p95fPa9m3JfCj8pJ1PK9Lrdrp_BxV6HbVwUhUJJWZrQiSJPoeMLgiiLMkIXbxArQmMtUIasi6SCxBL9FoFYp8v51A3tA:1qabUn:27gj4Pjbcum7gAuTNyK6SBZHpm6VLlUnC_DuiUV_xQ8	2023-09-11 12:37:29.856759+00
k0md5qkkgepvoiq5e6ncjhif42o3e8gf	.eJxVjEEOwiAUBe_C2hAKAsGle89A3oePVA1NSrsy3t2QdKHbNzPvLSL2rca98xrnLC5iEqffjZCe3AbID7T7ItPStnUmORR50C5vS-bX9XD_Dip6HbVznHXIxZMKZDQbraBpst5kshbEOBcFw4HgGb5YFxiMBHhCSeLzBQl-Oc0:1qacfA:smJVqlMkChOxKAZ_-KhSVSr1aL4DFMnm5ClxRvJ-YM0	2023-09-11 13:52:16.92331+00
i665o6wm7oyptzikqbcmf6g5y9id2xul	.eJxVjEEOwiAUBe_C2hAKAsGle89A3oePVA1NSrsy3t2QdKHbNzPvLSL2rca98xrnLC5iEqffjZCe3AbID7T7ItPStnUmORR50C5vS-bX9XD_Dip6HbVznHXIxZMKZDQbraBpst5kshbEOBcFw4HgGb5YFxiMBHhCSeLzBQl-Oc0:1qcstH:ug3gth2PFSG62OeTjIL3sdFfcjKniH9i7pQcwSUImB4	2023-09-17 19:36:11.865815+00
4dvs138kemmal0vyt8pfzr97v46gp6ix	.eJxVjDsOwjAQBe_iGln-fyjpcwZrnV3jAHKkOKkQd0eWUkD7Zua9WYJjr-notKUF2ZUpdvndMsxPagPgA9p95fPa9m3JfCj8pJ1PK9Lrdrp_BxV6HbVwUhUJJWZrQiSJPoeMLgiiLMkIXbxArQmMtUIasi6SCxBL9FoFYp8v51A3tA:1qiYE5:KXrCP3qdT3NCrNFpJgBpL99bzStmTBL-gIGYIUGXeks	2023-10-03 10:45:05.107499+00
cjzaakfqaytrd1e8tzw5qrcspza1ncv0	.eJxVjDsOwjAQBe_iGln-fyjpcwZrnV3jAHKkOKkQd0eWUkD7Zua9WYJjr-notKUF2ZUpdvndMsxPagPgA9p95fPa9m3JfCj8pJ1PK9Lrdrp_BxV6HbVwUhUJJWZrQiSJPoeMLgiiLMkIXbxArQmMtUIasi6SCxBL9FoFYp8v51A3tA:1qiYmz:oM9c0kMHj24TBW7Dy6iayBo59_zRfrWtVxScFn85kaY	2023-10-03 11:21:09.295997+00
t1bitt32kim03gvvfd9v6h23k07sovya	.eJxVjEEOwiAUBe_C2hAKAsGle89A3oePVA1NSrsy3t2QdKHbNzPvLSL2rca98xrnLC5iEqffjZCe3AbID7T7ItPStnUmORR50C5vS-bX9XD_Dip6HbVznHXIxZMKZDQbraBpst5kshbEOBcFw4HgGb5YFxiMBHhCSeLzBQl-Oc0:1qifCq:SVcKtEZ_FWNZZWeV7pU88sYEEZAfjJqs5G_tYs9U3z8	2023-10-03 18:12:16.065579+00
gdruj4560w0jls1zmdqltbwbvnzp0dmn	.eJxVjEEOwiAUBe_C2hAKAsGle89A3oePVA1NSrsy3t2QdKHbNzPvLSL2rca98xrnLC5iEqffjZCe3AbID7T7ItPStnUmORR50C5vS-bX9XD_Dip6HbVznHXIxZMKZDQbraBpst5kshbEOBcFw4HgGb5YFxiMBHhCSeLzBQl-Oc0:1qlUwY:7EIWN8pYGPfXDKCSN4f7oR2pqGM7Ykf2-eWgSUost9Q	2023-10-11 13:51:10.796573+00
gz4kl2ws9cvq4vu5s4rklfryp8pkyru9	.eJxVjEEOwiAUBe_C2hAKAsGle89A3oePVA1NSrsy3t2QdKHbNzPvLSL2rca98xrnLC5iEqffjZCe3AbID7T7ItPStnUmORR50C5vS-bX9XD_Dip6HbVznHXIxZMKZDQbraBpst5kshbEOBcFw4HgGb5YFxiMBHhCSeLzBQl-Oc0:1qmwdH:hFCpe282wqgsOY54U5f-XFn6EvAxVA3vWMCzMWLJl-A	2023-10-15 13:37:15.569897+00
auuonkj7srqd0pp6xs9joi2nffxmho2y	.eJxVjDsOwjAQBe_iGln-fyjpcwZrnV3jAHKkOKkQd0eWUkD7Zua9WYJjr-notKUF2ZUpdvndMsxPagPgA9p95fPa9m3JfCj8pJ1PK9Lrdrp_BxV6HbVwUhUJJWZrQiSJPoeMLgiiLMkIXbxArQmMtUIasi6SCxBL9FoFYp8v51A3tA:1qn0Sn:3ltVXqIhXujpXyYjahBEOWoL4qKnLLJgtmlr-e-_r90	2023-10-15 17:42:41.552388+00
r896g9l1qsnbwsdy3smepj5cupt8p5em	.eJxVjDsOwjAQBe_iGln-fyjpcwZrnV3jAHKkOKkQd0eWUkD7Zua9WYJjr-notKUF2ZUpdvndMsxPagPgA9p95fPa9m3JfCj8pJ1PK9Lrdrp_BxV6HbVwUhUJJWZrQiSJPoeMLgiiLMkIXbxArQmMtUIasi6SCxBL9FoFYp8v51A3tA:1qnH0G:EOHwMhXFOOgPZpb-Sa6KIVXtD152ogqBbbvCBbk2FUY	2023-10-16 11:22:20.4737+00
ddobxyggycc1jti3l5b09dw6bvnkbdck	.eJxVjDsOwjAQBe_iGln-fyjpcwZrnV3jAHKkOKkQd0eWUkD7Zua9WYJjr-notKUF2ZUpdvndMsxPagPgA9p95fPa9m3JfCj8pJ1PK9Lrdrp_BxV6HbVwUhUJJWZrQiSJPoeMLgiiLMkIXbxArQmMtUIasi6SCxBL9FoFYp8v51A3tA:1qnHdq:2N8lWv16NtG5sAjrVi8hneSLUV-l8kgTikJ8RVjNjRU	2023-10-16 12:03:14.111959+00
3cxkx2q5roy9h3xs57ubv6gc9chenhmv	.eJxVjDsOwjAQRO_iGlnxVzYlPWewvN5dHECOFCdVxN1JpBRQzrw3s4mU16WmtdOcRhRXYcXlt4NcXtQOgM_cHpMsU1vmEeShyJN2eZ-Q3rfT_Tuoudd9TV4Tm-CdB0IflFOGM0UV1B6yCRiNInAEkYEHoykWjhoHYHTeWiU-X-fxOBc:1qoK68:_4rR18gSGRYomyxhtw42YzqpEpB5eqnfXZDeXbb_snU	2023-10-19 08:52:44.38871+00
201e3cxrkwc6dzi7yhugt9ykvcqnfw4t	.eJxVjDsOwjAQRO_iGlnxVzYlPWewvN5dHECOFCdVxN1JpBRQzrw3s4mU16WmtdOcRhRXYcXlt4NcXtQOgM_cHpMsU1vmEeShyJN2eZ-Q3rfT_Tuoudd9TV4Tm-CdB0IflFOGM0UV1B6yCRiNInAEkYEHoykWjhoHYHTeWiU-X-fxOBc:1qoK91:6QE_ZxABPJQVgfANsUnPzLAmFonA61rJNqQs7UkvBvk	2023-10-19 08:55:43.31829+00
7w377sa81kvni8emrul9ig0lhmey73an	.eJxVjDsOwjAQBe_iGln-fyjpcwZrnV3jAHKkOKkQd0eWUkD7Zua9WYJjr-notKUF2ZUpdvndMsxPagPgA9p95fPa9m3JfCj8pJ1PK9Lrdrp_BxV6HbVwUhUJJWZrQiSJPoeMLgiiLMkIXbxArQmMtUIasi6SCxBL9FoFYp8v51A3tA:1qt0ye:dc2DjRvKgEsLOyLegVqauilJz1joCL_NXtU1BuinO64	2023-11-01 07:28:24.706429+00
f7648b8ornlo5cskqg9meulrgf0p3f6m	.eJxVjEEOwiAUBe_C2hAKAsGle89A3oePVA1NSrsy3t2QdKHbNzPvLSL2rca98xrnLC5iEqffjZCe3AbID7T7ItPStnUmORR50C5vS-bX9XD_Dip6HbVznHXIxZMKZDQbraBpst5kshbEOBcFw4HgGb5YFxiMBHhCSeLzBQl-Oc0:1qtXXB:35WnKAfCpvvbH43olrI5a3v8xoAgBMoe_l8XGY8uyg4	2023-11-02 18:14:13.667364+00
zr4om5davocubyeen1y0mhehoqcfby9o	.eJxVjDsOwjAQBe_iGln-fyjpcwZrnV3jAHKkOKkQd0eWUkD7Zua9WYJjr-notKUF2ZUpdvndMsxPagPgA9p95fPa9m3JfCj8pJ1PK9Lrdrp_BxV6HbVwUhUJJWZrQiSJPoeMLgiiLMkIXbxArQmMtUIasi6SCxBL9FoFYp8v51A3tA:1r81wy:l3oo-lTFWtxNyOi1R-xDf2Pk084aJifRIfCmzP-ZeGE	2023-12-12 17:32:44.24756+00
raoqx443s6b2l5hi2q3olipdy4u8yvkm	.eJxVjEEOwiAUBe_C2hAKAsGle89A3oePVA1NSrsy3t2QdKHbNzPvLSL2rca98xrnLC5iEqffjZCe3AbID7T7ItPStnUmORR50C5vS-bX9XD_Dip6HbVznHXIxZMKZDQbraBpst5kshbEOBcFw4HgGb5YFxiMBHhCSeLzBQl-Oc0:1qvZmr:gkDWnWG3Kg-iPQVqbJtFh0og9LufT2S_w5GHB584yGI	2023-11-08 09:02:49.768926+00
dfhmo0kdzd37hcri20lzh663fu05gams	.eJxVjEEOwiAQAP_C2RDDQlc9evcNZNldpGogKe3J-HdD0oNeZybzNpG2tcSt6xJnMRcTzOGXJeKn1iHkQfXeLLe6LnOyI7G77fbWRF_Xvf0bFOplbB24FFxWT0wIAhnYTyDsE6PzmSUgoj8JBjpC5kTI4ZxwygpBUc3nC_XsOJ8:1qvib1:5SMRO_I8sYv-2RCzs4y2l5TZ2_a4mDWf_MCXoRXVVq8	2023-11-08 18:27:11.574137+00
vugxl6dlxjyf90wzl0f0rbpnkpuicbm0	.eJxVjDsOwjAQBe_iGln-fyjpcwZrnV3jAHKkOKkQd0eWUkD7Zua9WYJjr-notKUF2ZUpdvndMsxPagPgA9p95fPa9m3JfCj8pJ1PK9Lrdrp_BxV6HbVwUhUJJWZrQiSJPoeMLgiiLMkIXbxArQmMtUIasi6SCxBL9FoFYp8v51A3tA:1qyDVd:tvrmKoWd1LJKvmJiq4diQm5mUjMxSL5WPirvwo376Eo	2023-11-15 15:51:57.598559+00
wo3t6c3n3il2xjemmnodprjmm5hs9cic	.eJxVjDsOwjAQRO_iGlnxVzYlPWewvN5dHECOFCdVxN1JpBRQzrw3s4mU16WmtdOcRhRXYcXlt4NcXtQOgM_cHpMsU1vmEeShyJN2eZ-Q3rfT_Tuoudd9TV4Tm-CdB0IflFOGM0UV1B6yCRiNInAEkYEHoykWjhoHYHTeWiU-X-fxOBc:1r2WsQ:qT8mfbBqnZP01Cyw2EtWfcqu2Z_DpGmK-uj90XbF3es	2023-11-27 13:21:18.679466+00
nbo5cjirkwa6pk5ehh92i1vpwixdqnjf	.eJxVjDsOwjAQRO_iGlnxVzYlPWewvN5dHECOFCdVxN1JpBRQzrw3s4mU16WmtdOcRhRXYcXlt4NcXtQOgM_cHpMsU1vmEeShyJN2eZ-Q3rfT_Tuoudd9TV4Tm-CdB0IflFOGM0UV1B6yCRiNInAEkYEHoykWjhoHYHTeWiU-X-fxOBc:1rchRI:Z5Aqm0dLwJ8YhnvFTsaV1KGoj8qjQpcLpf73qql7n5c	2024-03-06 07:54:48.047629+00
sulwn3q6002eeciel8qqverz1y4t7run	.eJxVjDsOwjAQRO_iGlnxVzYlPWewvN5dHECOFCdVxN1JpBRQzrw3s4mU16WmtdOcRhRXYcXlt4NcXtQOgM_cHpMsU1vmEeShyJN2eZ-Q3rfT_Tuoudd9TV4Tm-CdB0IflFOGM0UV1B6yCRiNInAEkYEHoykWjhoHYHTeWiU-X-fxOBc:1r92pt:P25U3-R-NEpqWGRzb92aWBqyqBiI_iM589zdzFKFMBA	2023-12-15 12:41:37.57121+00
4xlhg1zm0oz6jrp45durmbijwh6kg6qi	.eJxVjEEOwiAQAP_C2RDDQlc9evcNZNldpGogKe3J-HdD0oNeZybzNpG2tcSt6xJnMRcTzOGXJeKn1iHkQfXeLLe6LnOyI7G77fbWRF_Xvf0bFOplbB24FFxWT0wIAhnYTyDsE6PzmSUgoj8JBjpC5kTI4ZxwygpBUc3nC_XsOJ8:1rxn4p:MnqWWTlhmRCwQC8ifdp-MmAEsB1xbpPDcfpYzK3QL4s	2024-05-03 12:10:47.804467+00
9ia5o94rar6fim37qf94k4e7pye9lt49	.eJxVjDsOwjAQBe_iGln-fyjpcwZrnV3jAHKkOKkQd0eWUkD7Zua9WYJjr-notKUF2ZUpdvndMsxPagPgA9p95fPa9m3JfCj8pJ1PK9Lrdrp_BxV6HbVwUhUJJWZrQiSJPoeMLgiiLMkIXbxArQmMtUIasi6SCxBL9FoFYp8v51A3tA:1rmTnk:yBtlF_54bMlLN16sr1of8Cy_VCeux3pB5RmIc4BY4bk	2024-04-02 07:22:24.640737+00
lnxfjjjxoyccjyvm3n1yhh1rvxj4k73p	.eJxVjEEOwiAUBe_C2hAKAsGle89A3oePVA1NSrsy3t2QdKHbNzPvLSL2rca98xrnLC5iEqffjZCe3AbID7T7ItPStnUmORR50C5vS-bX9XD_Dip6HbVznHXIxZMKZDQbraBpst5kshbEOBcFw4HgGb5YFxiMBHhCSeLzBQl-Oc0:1rn27s:61LZth4m_zAthZGz9VccSu1CaDoaYaIFgWA4aFVapjw	2024-04-03 20:01:28.120754+00
7jxmnzcfc2nymah4mcled47n2bzgjjpt	.eJxVjDsOwjAQBe_iGln-fyjpcwZrnV3jAHKkOKkQd0eWUkD7Zua9WYJjr-notKUF2ZUpdvndMsxPagPgA9p95fPa9m3JfCj8pJ1PK9Lrdrp_BxV6HbVwUhUJJWZrQiSJPoeMLgiiLMkIXbxArQmMtUIasi6SCxBL9FoFYp8v51A3tA:1rh2k9:jam4eJyXsV75k7unZJH2wzs7-Dq4MOxaJXS2MhCvkfw	2024-03-18 07:28:13.107548+00
fanhnmqj6ecefgwubiv7vld2bd79dcfy	.eJxVjEEOwiAUBe_C2hAKAsGle89A3oePVA1NSrsy3t2QdKHbNzPvLSL2rca98xrnLC5iEqffjZCe3AbID7T7ItPStnUmORR50C5vS-bX9XD_Dip6HbVznHXIxZMKZDQbraBpst5kshbEOBcFw4HgGb5YFxiMBHhCSeLzBQl-Oc0:1rEwzf:e4A-YeplwgaFczPmXofYyL0OgzON1QkpakyKrBgq62I	2023-12-31 19:40:07.10698+00
tywoythhhavxbcn3vxy7n61tt6pp1lsi	.eJxVjEEOwiAQAP_C2RDDQlc9evcNZNldpGogKe3J-HdD0oNeZybzNpG2tcSt6xJnMRcTzOGXJeKn1iHkQfXeLLe6LnOyI7G77fbWRF_Xvf0bFOplbB24FFxWT0wIAhnYTyDsE6PzmSUgoj8JBjpC5kTI4ZxwygpBUc3nC_XsOJ8:1rjP4e:gZm81HVcjFYptZ4CVIVOSgFk76C5sHV0BZ-t7MD0Aag	2024-03-24 19:43:08.395677+00
fy9aigjsvbqkxrbawv2iyf2gwqr7l4f3	.eJxVjDsOwjAQRO_iGlnxVzYlPWewvN5dHECOFCdVxN1JpBRQzrw3s4mU16WmtdOcRhRXYcXlt4NcXtQOgM_cHpMsU1vmEeShyJN2eZ-Q3rfT_Tuoudd9TV4Tm-CdB0IflFOGM0UV1B6yCRiNInAEkYEHoykWjhoHYHTeWiU-X-fxOBc:1rN75H:GIRxNz-SrT8-CRLLEM1A-EYrMpZan2qFn9tVC7tylAc	2024-01-23 08:03:39.412501+00
n0rtdqta7fjpccunu60mwzmcp8et7rtn	.eJxVjMsOgyAUBf-FdUMAAaXL7v0Gch_cattoIrpq-u8NiYt2e2bmvFWGY5_yUcuWZ1ZXFdXld0OgZ1ka4Acs91XTuuzbjLop-qRVjyuX1-10_w4mqFOrPWMgY7wjg9wFtmkobggEnUD0KCy9k-TJYmclJvKpJ2dRosRAzqjPF_zaOF8:1rzY3j:-WQeiVKMBGxReek7E2Mh81aIjXIwClqUiE0m16CNY1s	2024-05-08 08:32:55.679971+00
g21rk58yp1ohktkpwamlnyfmgk4vxb96	.eJxVjDsOwjAQBe_iGln-fyjpcwZrnV3jAHKkOKkQd0eWUkD7Zua9WYJjr-notKUF2ZUpdvndMsxPagPgA9p95fPa9m3JfCj8pJ1PK9Lrdrp_BxV6HbVwUhUJJWZrQiSJPoeMLgiiLMkIXbxArQmMtUIasi6SCxBL9FoFYp8v51A3tA:1rPfSM:P1dMmxN8QMhSeJyL6vLh4KzO6QSzVYB6l3qHJ0b-49Q	2024-01-30 09:10:02.077154+00
a504673pnbjtq1pk0078sk37jz2pejt3	.eJxVjEEOwiAUBe_C2hAKAsGle89A3oePVA1NSrsy3t2QdKHbNzPvLSL2rca98xrnLC5iEqffjZCe3AbID7T7ItPStnUmORR50C5vS-bX9XD_Dip6HbVznHXIxZMKZDQbraBpst5kshbEOBcFw4HgGb5YFxiMBHhCSeLzBQl-Oc0:1rS0FY:qxtZjibEiadqyouR5E1dGTG2N15JAOkQzTc-wbkvw2s	2024-02-05 19:46:28.655151+00
w8y19jek29e72gwrqlcr66na0zlnh58l	.eJxVjDsOwjAQBe_iGln-fyjpcwZrnV3jAHKkOKkQd0eWUkD7Zua9WYJjr-notKUF2ZUpdvndMsxPagPgA9p95fPa9m3JfCj8pJ1PK9Lrdrp_BxV6HbVwUhUJJWZrQiSJPoeMLgiiLMkIXbxArQmMtUIasi6SCxBL9FoFYp8v51A3tA:1rtp3A:Rlcu0MkMjljWvUiBD4qecHN_mc6aWMt1ZDvtWhdVgzM	2024-04-22 13:28:40.830645+00
8jiz0ec7uztlvupt5eynl27xwstz7shv	.eJxVjDsOwjAQBe_iGln-fyjpcwZrnV3jAHKkOKkQd0eWUkD7Zua9WYJjr-notKUF2ZUpdvndMsxPagPgA9p95fPa9m3JfCj8pJ1PK9Lrdrp_BxV6HbVwUhUJJWZrQiSJPoeMLgiiLMkIXbxArQmMtUIasi6SCxBL9FoFYp8v51A3tA:1rb084:6DuABxykIXlONxo47IfgS8Gu36ufIRsi8aBT8egiq1Q	2024-03-01 15:27:56.160087+00
a7vhcmwi0uytrhel6trqotasbzj3mbj8	.eJxVjEEOwiAQAP_C2RDDQlc9evcNZNldpGogKe3J-HdD0oNeZybzNpG2tcSt6xJnMRcTzOGXJeKn1iHkQfXeLLe6LnOyI7G77fbWRF_Xvf0bFOplbB24FFxWT0wIAhnYTyDsE6PzmSUgoj8JBjpC5kTI4ZxwygpBUc3nC_XsOJ8:1s3w25:8KO2RS4nSCQmryQaGjHZFMO0pUG1wKrZ-Dsv6hjMjRo	2024-05-20 10:57:21.106644+00
tfo8icwzkr8hrgabkiugjjx1fpc2rc7a	.eJxVjEsOwjAMBe-SNYocx4kaluw5Q2W7CSmgRupnhbg7VOoCtm9m3sv0vK2135Y89-Ngziaa0-8mrI887WC483RrVtu0zqPYXbEHXey1Dfl5Ody_g8pL_daS0UdkSiFRYlIFCcmTFIIuQCQI4ERLwQIcM3QopIWKcx4VGcG8P8-cN1E:1rkip7:hZJaBC95SYnyA9JfuLenRW4qjbYZ1gfS0VhKxBCAeZI	2024-03-28 11:00:33.871302+00
1ln7y6bp79ecx0mu9ofmqiqfhdi69t17	.eJxVjMsOgyAUBf-FdUMAAaXL7v0Gch_cattoIrpq-u8NiYt2e2bmvFWGY5_yUcuWZ1ZXFdXld0OgZ1ka4Acs91XTuuzbjLop-qRVjyuX1-10_w4mqFOrPWMgY7wjg9wFtmkobggEnUD0KCy9k-TJYmclJvKpJ2dRosRAzqjPF_zaOF8:1sCvju:LW7prB9JACaIx_xs03PmhRq2f4zy3USo8q6FaPGDjdc	2024-06-14 06:27:46.370277+00
6v9p9lbnq1ag5kjnmxguqsslp86c5jz9	.eJxVjEEOwiAUBe_C2hAKAsGle89A3oePVA1NSrsy3t2QdKHbNzPvLSL2rca98xrnLC5iEqffjZCe3AbID7T7ItPStnUmORR50C5vS-bX9XD_Dip6HbVznHXIxZMKZDQbraBpst5kshbEOBcFw4HgGb5YFxiMBHhCSeLzBQl-Oc0:1sFTTp:ybUr8BsFGaRCYupztttYsB11Zi0RyBJUV3VY7xt6gQQ	2024-06-21 06:53:41.111125+00
qq55p68zktvlv14bgc1d86oytzp41395	.eJxVjEEOwiAUBe_C2hAKAsGle89A3oePVA1NSrsy3t2QdKHbNzPvLSL2rca98xrnLC5iEqffjZCe3AbID7T7ItPStnUmORR50C5vS-bX9XD_Dip6HbVznHXIxZMKZDQbraBpst5kshbEOBcFw4HgGb5YFxiMBHhCSeLzBQl-Oc0:1sHpBs:LH1wyXudRwGGKKbtH3_uj0urkxy6s08mwt3VSXRPWM0	2024-06-27 18:28:52.180681+00
73q1qj80leki26bnxgjmjfq9zu6thbb2	.eJxVjEEOwiAQAP_C2RDDQlc9evcNZNldpGogKe3J-HdD0oNeZybzNpG2tcSt6xJnMRcTzOGXJeKn1iHkQfXeLLe6LnOyI7G77fbWRF_Xvf0bFOplbB24FFxWT0wIAhnYTyDsE6PzmSUgoj8JBjpC5kTI4ZxwygpBUc3nC_XsOJ8:1sKwvF:8Ux3--iO1DuJWh_OfFX_t8mgbT_uykh_Rjb4B0jeaHI	2024-07-06 09:20:37.199299+00
brt53r4qyrzfirz9pohhm5j7qjs3lj2x	.eJxVjDsOwjAQBe_iGln-fyjpcwZrnV3jAHKkOKkQd0eWUkD7Zua9WYJjr-notKUF2ZUpdvndMsxPagPgA9p95fPa9m3JfCj8pJ1PK9Lrdrp_BxV6HbVwUhUJJWZrQiSJPoeMLgiiLMkIXbxArQmMtUIasi6SCxBL9FoFYp8v51A3tA:1ruZm9:5bOVOhNz8m23JWzKOYMovOXKmGY81Zbt_Is-Dr0Nn7E	2024-04-24 15:22:13.49175+00
varm8ec6j5k23yio6t56s8crx1ea18eb	.eJxVjEEOwiAUBe_C2hAKAsGle89A3oePVA1NSrsy3t2QdKHbNzPvLSL2rca98xrnLC5iEqffjZCe3AbID7T7ItPStnUmORR50C5vS-bX9XD_Dip6HbVznHXIxZMKZDQbraBpst5kshbEOBcFw4HgGb5YFxiMBHhCSeLzBQl-Oc0:1rwRuR:ZI6ddk9RGMyST-f1RaLbdeCWofMv8ebMsKGM_ENx7HQ	2024-04-29 19:22:31.136594+00
izhy3grrb2yzsrmc2wgm4z3iz64ngh9o	.eJxVjDsOwjAQBe_iGln-fyjpcwZrnV3jAHKkOKkQd0eWUkD7Zua9WYJjr-notKUF2ZUpdvndMsxPagPgA9p95fPa9m3JfCj8pJ1PK9Lrdrp_BxV6HbVwUhUJJWZrQiSJPoeMLgiiLMkIXbxArQmMtUIasi6SCxBL9FoFYp8v51A3tA:1r3Wcb:3qy6CYM8ev9hLR6-CaS0wso3umyAmRVO-v68HTt7CYA	2023-11-30 07:17:05.232708+00
8wswupkypoomcp9k6vt8jp2aq5bsm6y3	.eJxVjDsOwjAQBe_iGln-fyjpcwZrnV3jAHKkOKkQd0eWUkD7Zua9WYJjr-notKUF2ZUpdvndMsxPagPgA9p95fPa9m3JfCj8pJ1PK9Lrdrp_BxV6HbVwUhUJJWZrQiSJPoeMLgiiLMkIXbxArQmMtUIasi6SCxBL9FoFYp8v51A3tA:1r8bJF:jQzgTsdAnISVyCEen8tF5zlbRKTzWZ-3K7fyOk_muI8	2023-12-14 07:18:05.113531+00
4qchln53j4vnxvsh07ar70zvxlkojynw	.eJxVjEEOwiAQAP_C2RDDQlc9evcNZNldpGogKe3J-HdD0oNeZybzNpG2tcSt6xJnMRcTzOGXJeKn1iHkQfXeLLe6LnOyI7G77fbWRF_Xvf0bFOplbB24FFxWT0wIAhnYTyDsE6PzmSUgoj8JBjpC5kTI4ZxwygpBUc3nC_XsOJ8:1rlP6j:LgvC3NZiIkFQu0W63hC3aiTYORUZvJgmBR4IPdfxCV0	2024-03-30 08:09:33.695198+00
nrbuqssjhr3i06w2wl8n3otwtg388tkz	.eJxVjEEOwiAQAP_C2RDDQlc9evcNZNldpGogKe3J-HdD0oNeZybzNpG2tcSt6xJnMRcTzOGXJeKn1iHkQfXeLLe6LnOyI7G77fbWRF_Xvf0bFOplbB24FFxWT0wIAhnYTyDsE6PzmSUgoj8JBjpC5kTI4ZxwygpBUc3nC_XsOJ8:1rAaqW:oxve0ip9sbqAJOzceLZWOZR33kV6hVi3PwqZztcQJ5U	2023-12-19 19:12:40.827821+00
svcao84ue339u1fbgb0xvxwyhmdyul8u	.eJxVjDsOwjAQBe_iGln-fyjpcwZrnV3jAHKkOKkQd0eWUkD7Zua9WYJjr-notKUF2ZUpdvndMsxPagPgA9p95fPa9m3JfCj8pJ1PK9Lrdrp_BxV6HbVwUhUJJWZrQiSJPoeMLgiiLMkIXbxArQmMtUIasi6SCxBL9FoFYp8v51A3tA:1rDg0S:3GZwHbR_WXF4iTh9Wp3Sxmpn68wKcgzeIKJN2K4V61Q	2023-12-28 07:19:40.359567+00
43trzck4ry31qp27x9i7hmxycevb6lbw	.eJxVjDsOwjAQBe_iGln-fyjpcwZrnV3jAHKkOKkQd0eWUkD7Zua9WYJjr-notKUF2ZUpdvndMsxPagPgA9p95fPa9m3JfCj8pJ1PK9Lrdrp_BxV6HbVwUhUJJWZrQiSJPoeMLgiiLMkIXbxArQmMtUIasi6SCxBL9FoFYp8v51A3tA:1rhjq2:XIWyTRmC4SbUaWignmxiUckMbK0EwOa8zqJADx0_Udg	2024-03-20 05:29:10.311222+00
79lep9obkgngvsmmsi967jh8fnagebl6	.eJxVjEEOwiAQAP_C2RDDQlc9evcNZNldpGogKe3J-HdD0oNeZybzNpG2tcSt6xJnMRcTzOGXJeKn1iHkQfXeLLe6LnOyI7G77fbWRF_Xvf0bFOplbB24FFxWT0wIAhnYTyDsE6PzmSUgoj8JBjpC5kTI4ZxwygpBUc3nC_XsOJ8:1r6U5X:841gOQ-Hh3TTDeet9XnPGHYxjFQn0HJwl-Ry3bGyt2I	2023-12-08 11:11:11.900422+00
qe5y0bbmbsfcrve87vx5ytlu43xhnx8k	.eJxVjMsOgyAUBf-FdUMAAaXL7v0Gch_cattoIrpq-u8NiYt2e2bmvFWGY5_yUcuWZ1ZXFdXld0OgZ1ka4Acs91XTuuzbjLop-qRVjyuX1-10_w4mqFOrPWMgY7wjg9wFtmkobggEnUD0KCy9k-TJYmclJvKpJ2dRosRAzqjPF_zaOF8:1rzY1J:RCqzFI67QuBmRbeFP4llKPVnuWSuWh-_MtQnzfm35bk	2024-05-08 08:30:25.857611+00
z486jcyh495fvhop0mz5evb328nlg4m4	.eJxVjDsOwjAQBe_iGln-fyjpcwZrnV3jAHKkOKkQd0eWUkD7Zua9WYJjr-notKUF2ZUpdvndMsxPagPgA9p95fPa9m3JfCj8pJ1PK9Lrdrp_BxV6HbVwUhUJJWZrQiSJPoeMLgiiLMkIXbxArQmMtUIasi6SCxBL9FoFYp8v51A3tA:1rzeSr:tBrAu1Jg2zFoRg2EN7AlWqFM4pdYX0RNqs0VO7rTQa8	2024-05-08 15:23:17.56263+00
wx5ladrkicvgqtl64zlpnkd5va0qy28b	.eJxVjEEOwiAUBe_C2hAKAsGle89A3oePVA1NSrsy3t2QdKHbNzPvLSL2rca98xrnLC5iEqffjZCe3AbID7T7ItPStnUmORR50C5vS-bX9XD_Dip6HbVznHXIxZMKZDQbraBpst5kshbEOBcFw4HgGb5YFxiMBHhCSeLzBQl-Oc0:1s01Dp:KTI2cuVBlORgq3C4kNFcu9vnrY-O8mPeQAqtSu1UEns	2024-05-09 15:41:17.747318+00
w2873lzpnn5ts241bieo0n9jfinyh2fs	.eJxVjEEOwiAQAP_C2RDDQlc9evcNZNldpGogKe3J-HdD0oNeZybzNpG2tcSt6xJnMRcTzOGXJeKn1iHkQfXeLLe6LnOyI7G77fbWRF_Xvf0bFOplbB24FFxWT0wIAhnYTyDsE6PzmSUgoj8JBjpC5kTI4ZxwygpBUc3nC_XsOJ8:1rNnw4:qfibpa1XTPanJx7YtEf-rVYXKEeXC1F0Gj3K9NHgz1Q	2024-01-25 05:49:00.187551+00
geew0ljo8e1p0e31lptrx4h1qryvoxmr	.eJxVjDsOwjAQBe_iGln-fyjpcwZrnV3jAHKkOKkQd0eWUkD7Zua9WYJjr-notKUF2ZUpdvndMsxPagPgA9p95fPa9m3JfCj8pJ1PK9Lrdrp_BxV6HbVwUhUJJWZrQiSJPoeMLgiiLMkIXbxArQmMtUIasi6SCxBL9FoFYp8v51A3tA:1rVo6W:qdY0NuObX0xoe0vjrjVdrPmfPZJeVo3iq93LRSRu2I8	2024-02-16 07:36:52.325288+00
hskewwlmejc1mhoaijxb1psttu4od680	.eJxVjEEOwiAUBe_C2hAKAsGle89A3oePVA1NSrsy3t2QdKHbNzPvLSL2rca98xrnLC5iEqffjZCe3AbID7T7ItPStnUmORR50C5vS-bX9XD_Dip6HbVznHXIxZMKZDQbraBpst5kshbEOBcFw4HgGb5YFxiMBHhCSeLzBQl-Oc0:1rkhUo:KXWT1RJ4oCcEE7UsTEB7SquQLHFXCytzkvdJIvsYkzg	2024-03-28 09:35:30.002695+00
rmzts5px7ddsxb73h4hr119dx7hck7ue	.eJxVjEEOwiAUBe_C2hAKAsGle89A3oePVA1NSrsy3t2QdKHbNzPvLSL2rca98xrnLC5iEqffjZCe3AbID7T7ItPStnUmORR50C5vS-bX9XD_Dip6HbVznHXIxZMKZDQbraBpst5kshbEOBcFw4HgGb5YFxiMBHhCSeLzBQl-Oc0:1s8lWg:igaw1q8Z4y5NbrTTg6JLGzhRDYbOueHw4YxtqDyAH_U	2024-06-02 18:44:54.51282+00
76ntl74t7zefm7ed7sfmety5oopmw0n2	.eJxVjMsOwiAUBf-FtSG8Hy7d9xsIFy5SNZCUdmX8d9ukC92emTlvEuK21rANXMKcyZVYcvndIKYntgPkR2z3TlNv6zIDPRR60kGnnvF1O92_gxpH3WvHRAEExrQyxjHnlCkqKmG8ZlY4KyOXUpfCPXovhCsKNfDdFpAyYCafL66kNu8:1rtpIo:qJqKFK1DdJp_uB8zceQEdRpx220YT77ZAtIzdGDFuvA	2024-04-22 13:44:50.701666+00
vc2z8e7lrecp4mkbithunh14wvbh8ji4	.eJxVjEsOwjAMBe-SNYocx4kaluw5Q2W7CSmgRupnhbg7VOoCtm9m3sv0vK2135Y89-Ngziaa0-8mrI887WC483RrVtu0zqPYXbEHXey1Dfl5Ody_g8pL_daS0UdkSiFRYlIFCcmTFIIuQCQI4ERLwQIcM3QopIWKcx4VGcG8P8-cN1E:1rkiiB:lg9ofX_dxnV6Fkuch-R1eWhe_XuqRxFMubQpej0nU2s	2024-03-28 10:53:23.937532+00
zk2a28lxwn8mjizuj0hl4pt6p36za0tu	.eJxVjDsOwjAQBe_iGln-fyjpcwZrnV3jAHKkOKkQd0eWUkD7Zua9WYJjr-notKUF2ZUpdvndMsxPagPgA9p95fPa9m3JfCj8pJ1PK9Lrdrp_BxV6HbVwUhUJJWZrQiSJPoeMLgiiLMkIXbxArQmMtUIasi6SCxBL9FoFYp8v51A3tA:1rb084:6DuABxykIXlONxo47IfgS8Gu36ufIRsi8aBT8egiq1Q	2024-03-01 15:27:56.473465+00
elcydxcih840rkamvzvhy7vs20o1asw2	.eJxVjEEOwiAQAP_C2RDDQlc9evcNZNldpGogKe3J-HdD0oNeZybzNpG2tcSt6xJnMRcTzOGXJeKn1iHkQfXeLLe6LnOyI7G77fbWRF_Xvf0bFOplbB24FFxWT0wIAhnYTyDsE6PzmSUgoj8JBjpC5kTI4ZxwygpBUc3nC_XsOJ8:1sCvIA:QqhMqSE8OQSsjOSTzrwOxHur22xdH_QUJri-7ejKufQ	2024-06-14 05:59:06.033298+00
yhwrngvvg6p1qekn4gjzxyn0wz1tl0e4	.eJxVjEEOwiAQAP_C2RDDQlc9evcNZNldpGogKe3J-HdD0oNeZybzNpG2tcSt6xJnMRcTzOGXJeKn1iHkQfXeLLe6LnOyI7G77fbWRF_Xvf0bFOplbB24FFxWT0wIAhnYTyDsE6PzmSUgoj8JBjpC5kTI4ZxwygpBUc3nC_XsOJ8:1sI0CZ:ibhWCjkgpWmIGYnI8iUzmgr0v-hwBuyTsV7bNU9pmDA	2024-06-28 06:14:19.491543+00
bxzu0cotefzqq8qim5pd48pynpghasf7	.eJxVjEEOwiAUBe_C2hAKAsGle89A3oePVA1NSrsy3t2QdKHbNzPvLSL2rca98xrnLC5iEqffjZCe3AbID7T7ItPStnUmORR50C5vS-bX9XD_Dip6HbVznHXIxZMKZDQbraBpst5kshbEOBcFw4HgGb5YFxiMBHhCSeLzBQl-Oc0:1ru9Je:Do_CuhWF8O2pneAOQhCtK7c25sJ0Hb27AB9C4U-mdpM	2024-04-23 11:07:02.899865+00
\.


--
-- Data for Name: services_reports; Type: TABLE DATA; Schema: public; Owner: admin
--

COPY public.services_reports (id, date, amount, sum, date_create, date_edit, service_id, structure_id, nds) FROM stdin;
50	2023-08-25	14	11.2	2023-08-28 12:16:39.043998+00	2023-08-28 12:16:39.044015+00	12	1	0
51	2023-08-25	4	8.8	2023-08-28 12:16:39.057858+00	2023-08-28 12:16:39.05788+00	18	1	0
52	2023-08-25	10	3	2023-08-28 12:16:39.065515+00	2023-08-28 12:16:39.065528+00	1	1	0
53	2023-08-30	4	6	2023-08-30 15:45:36.20096+00	2023-08-30 15:45:36.200978+00	8	1	0
54	2023-08-30	3	3.6	2023-08-30 15:45:36.217867+00	2023-08-30 15:45:36.217883+00	9	1	0
55	2023-08-30	1	0.8	2023-08-30 15:45:36.225801+00	2023-08-30 15:45:36.225826+00	12	1	0
56	2023-08-30	38	11.4	2023-08-30 15:45:36.23391+00	2023-08-30 15:45:36.233926+00	1	1	0
57	2023-08-31	5	7.5	2023-08-31 12:52:47.664349+00	2023-08-31 12:52:47.664367+00	8	1	0
58	2023-08-31	198	59.4	2023-08-31 12:52:47.677867+00	2023-08-31 12:52:47.677883+00	1	1	0
59	2023-09-01	12	5.4	2023-09-01 15:33:05.814046+00	2023-09-01 15:33:05.814065+00	2	1	0
60	2023-09-01	10	15	2023-09-01 15:33:05.83805+00	2023-09-01 15:33:05.838076+00	8	1	0
61	2023-09-01	3	3.6	2023-09-01 15:33:05.874162+00	2023-09-01 15:33:05.87418+00	9	1	0
62	2023-09-01	6	4.8	2023-09-01 15:33:05.88389+00	2023-09-01 15:33:05.883911+00	12	1	0
63	2023-09-01	432	129.6	2023-09-01 15:33:05.890676+00	2023-09-01 15:33:05.890692+00	1	1	0
64	2023-09-06	24	9.6	2023-09-06 15:39:29.198385+00	2023-09-06 15:39:29.198402+00	3	1	0
65	2023-09-06	7	5.6	2023-09-06 15:39:29.210705+00	2023-09-06 15:39:29.210723+00	12	1	0
66	2023-09-06	1	0.3	2023-09-06 15:39:29.218576+00	2023-09-06 15:39:29.218592+00	1	1	0
67	2023-09-08	9	3.6	2023-09-08 15:38:33.905235+00	2023-09-08 15:38:33.905253+00	3	1	0
68	2023-09-08	11	8.8	2023-09-08 15:38:33.925188+00	2023-09-08 15:38:33.925206+00	12	1	0
69	2023-09-08	20	30	2023-09-08 15:38:33.933108+00	2023-09-08 15:38:33.933123+00	17	1	0
70	2023-09-08	28	8.4	2023-09-08 15:38:33.941155+00	2023-09-08 15:38:33.94117+00	1	1	0
82	2023-09-14	227	68.1	2023-09-14 15:50:34.632459+00	2023-09-14 18:21:58.57201+00	1	1	0
81	2023-09-14	2	3	2023-09-14 15:50:34.618488+00	2023-09-14 18:21:58.579175+00	17	1	0
80	2023-09-14	5	4	2023-09-14 15:50:34.609504+00	2023-09-14 18:21:58.582237+00	12	1	0
79	2023-09-14	3	4.5	2023-09-14 15:50:34.600472+00	2023-09-14 18:21:58.589131+00	8	1	0
78	2023-09-14	1	0.7	2023-09-14 15:50:34.591378+00	2023-09-14 18:21:58.595134+00	6	1	0
77	2023-09-14	1	0.4	2023-09-14 15:50:34.583385+00	2023-09-14 18:21:58.598078+00	3	1	0
76	2023-09-14	7	3.15	2023-09-14 15:50:34.568473+00	2023-09-14 18:21:58.604407+00	2	1	0
75	2023-09-13	36	10.8	2023-09-13 15:52:08.636191+00	2023-09-14 18:21:58.60727+00	1	1	0
74	2023-09-13	6	9	2023-09-13 15:52:08.622813+00	2023-09-14 18:21:58.612935+00	17	1	0
73	2023-09-13	1	1.2	2023-09-13 15:52:08.612265+00	2023-09-14 18:21:58.618091+00	9	1	0
72	2023-09-13	1	1.5	2023-09-13 15:52:08.605361+00	2023-09-14 18:21:58.620785+00	8	1	0
71	2023-09-13	1	0.45	2023-09-13 15:52:08.588653+00	2023-09-14 18:21:58.627109+00	2	1	0
83	2023-09-15	3	1.35	2023-09-15 15:47:00.209399+00	2023-09-15 15:47:00.209417+00	2	1	0.23
84	2023-09-15	2	3	2023-09-15 15:47:00.230641+00	2023-09-15 15:47:00.230656+00	8	1	0.5
85	2023-09-15	1	0.8	2023-09-15 15:47:00.244353+00	2023-09-15 15:47:00.24437+00	12	1	0.13
86	2023-09-15	125	37.5	2023-09-15 15:47:00.255399+00	2023-09-15 15:47:00.255416+00	1	1	6.25
87	2023-09-19	28	42	2023-09-19 15:46:22.487511+00	2023-09-19 15:46:22.487533+00	8	1	7
88	2023-09-19	3	3.6	2023-09-19 15:46:22.504407+00	2023-09-19 15:46:22.504428+00	9	1	0.6
89	2023-09-20	1	0.45	2023-09-20 15:46:08.89032+00	2023-09-20 15:46:08.890343+00	2	1	0.07
90	2023-09-20	67	100.5	2023-09-20 15:46:08.910827+00	2023-09-20 15:46:08.910849+00	8	1	16.75
91	2023-09-20	4	4.8	2023-09-20 15:46:08.920023+00	2023-09-20 15:46:08.920043+00	9	1	0.8
92	2023-09-20	3	2.4	2023-09-20 15:46:08.927679+00	2023-09-20 15:46:08.927699+00	12	1	0.4
93	2023-09-20	149	44.7	2023-09-20 15:46:08.942827+00	2023-09-20 15:46:08.942844+00	1	1	7.45
94	2023-09-21	4	1.8	2023-09-21 15:53:33.388016+00	2023-09-21 15:53:33.388037+00	2	1	0.3
95	2023-09-21	10	15	2023-09-21 15:53:33.40629+00	2023-09-21 15:53:33.406308+00	8	1	2.5
96	2023-09-21	3	3.6	2023-09-21 15:53:33.414854+00	2023-09-21 15:53:33.414882+00	9	1	0.6
97	2023-09-21	8	17.6	2023-09-21 15:53:33.425774+00	2023-09-21 15:53:33.425794+00	18	1	2.93
98	2023-09-21	443	132.9	2023-09-21 15:53:33.435904+00	2023-09-21 15:53:33.435922+00	1	1	22.15
99	2023-09-22	4	1.8	2023-09-22 15:47:46.572298+00	2023-09-22 15:47:46.572318+00	2	1	0.3
100	2023-09-22	27	10.8	2023-09-22 15:47:46.587903+00	2023-09-22 15:47:46.587923+00	3	1	1.8
101	2023-09-22	4	6	2023-09-22 15:47:46.604059+00	2023-09-22 15:47:46.604078+00	17	1	1
102	2023-09-22	6	13.2	2023-09-22 15:47:46.610776+00	2023-09-22 15:47:46.610797+00	18	1	2.2
103	2023-09-22	362	108.6	2023-09-22 15:47:46.622898+00	2023-09-22 15:47:46.622916+00	1	1	18.1
104	2023-09-26	12	18	2023-09-26 15:48:14.272013+00	2023-09-26 15:48:14.272031+00	8	1	3
105	2023-09-26	3	3.6	2023-09-26 15:48:14.286898+00	2023-09-26 15:48:14.286917+00	9	1	0.6
106	2023-09-26	2	1.6	2023-09-26 15:48:14.295825+00	2023-09-26 15:48:14.295845+00	12	1	0.27
107	2023-09-26	24	7.2	2023-09-26 15:48:14.306732+00	2023-09-26 15:48:14.30675+00	1	1	1.2
108	2023-09-27	8	12	2023-09-27 14:12:15.97713+00	2023-09-27 14:12:15.977154+00	8	1	2
109	2023-09-27	6	7.2	2023-09-27 14:12:15.990837+00	2023-09-27 14:12:15.990858+00	9	1	1.2
110	2023-09-27	6	4.8	2023-09-27 14:12:15.999448+00	2023-09-27 14:12:15.999466+00	12	1	0.8
111	2023-09-27	2	4.4	2023-09-27 14:12:16.009232+00	2023-09-27 14:12:16.00925+00	18	1	0.73
112	2023-09-27	82	24.6	2023-09-27 14:12:16.019895+00	2023-09-27 14:12:16.019912+00	1	1	4.1
113	2023-09-28	3	1.35	2023-09-28 15:46:26.268834+00	2023-09-28 15:46:26.268857+00	2	1	0.23
114	2023-09-28	18	27	2023-09-28 15:46:26.288932+00	2023-09-28 15:46:26.28895+00	8	1	4.5
115	2023-09-28	4	4.8	2023-09-28 15:46:26.295676+00	2023-09-28 15:46:26.295695+00	9	1	0.8
116	2023-09-28	9	7.2	2023-09-28 15:46:26.304724+00	2023-09-28 15:46:26.304743+00	12	1	1.2
117	2023-09-28	260	78	2023-09-28 15:46:26.315602+00	2023-09-28 15:46:26.315621+00	1	1	13
118	2023-09-29	4	1.8	2023-09-29 13:44:20.768087+00	2023-09-29 13:44:20.768108+00	2	1	0.3
119	2023-09-29	1	0.8	2023-09-29 13:44:20.79009+00	2023-09-29 13:44:20.790123+00	12	1	0.13
120	2023-09-29	340	102	2023-09-29 13:44:20.803833+00	2023-09-29 13:44:20.803855+00	1	1	17
121	2023-10-03	15	22.5	2023-10-03 15:52:19.717332+00	2023-10-03 15:52:19.717365+00	8	1	3.75
122	2023-10-03	13	15.6	2023-10-03 15:52:19.742327+00	2023-10-03 15:52:19.742355+00	9	1	2.6
123	2023-10-03	28	8.4	2023-10-03 15:52:19.753415+00	2023-10-03 15:52:19.753436+00	1	1	1.4
124	2023-10-04	7	10.5	2023-10-04 15:46:45.338899+00	2023-10-04 15:46:45.338921+00	8	1	1.75
125	2023-10-04	6	7.2	2023-10-04 15:46:45.355498+00	2023-10-04 15:46:45.355516+00	9	1	1.2
126	2023-10-04	2	1.6	2023-10-04 15:46:45.361521+00	2023-10-04 15:46:45.361538+00	12	1	0.27
127	2023-10-04	126	37.8	2023-10-04 15:46:45.369649+00	2023-10-04 15:46:45.369667+00	1	1	6.3
128	2023-10-05	3	1.35	2023-10-05 15:55:42.887113+00	2023-10-05 15:55:42.887132+00	2	1	0.23
129	2023-10-05	20	30	2023-10-05 15:55:42.901887+00	2023-10-05 15:55:42.901906+00	8	1	5
130	2023-10-05	3	3.6	2023-10-05 15:55:42.907539+00	2023-10-05 15:55:42.907558+00	9	1	0.6
131	2023-10-05	435	130.5	2023-10-05 15:55:42.917647+00	2023-10-05 15:55:42.917668+00	1	1	21.75
132	2023-10-06	7	3.15	2023-10-06 15:45:11.645549+00	2023-10-06 15:45:11.64558+00	2	1	0.53
133	2023-10-06	15	22.5	2023-10-06 15:45:11.667869+00	2023-10-06 15:45:11.667888+00	8	1	3.75
134	2023-10-06	2	1.6	2023-10-06 15:45:11.675134+00	2023-10-06 15:45:11.675154+00	12	1	0.27
135	2023-10-06	511	153.3	2023-10-06 15:45:11.683652+00	2023-10-06 15:45:11.683671+00	1	1	25.55
136	2023-10-10	1	0.45	2023-10-10 15:28:59.251212+00	2023-10-10 15:28:59.251231+00	2	1	0.07
137	2023-10-10	16	4.8	2023-10-10 15:28:59.274768+00	2023-10-10 15:28:59.274787+00	1	1	0.8
138	2023-10-11	2	3	2023-10-11 15:42:10.703847+00	2023-10-11 15:42:10.70387+00	8	1	0.5
139	2023-10-11	68	20.4	2023-10-11 15:42:10.733989+00	2023-10-11 15:42:10.734032+00	1	1	3.4
140	2023-10-12	8	3.6	2023-10-12 13:55:28.410385+00	2023-10-12 13:55:28.410408+00	2	1	0.6
141	2023-10-12	11	4.4	2023-10-12 13:55:28.421448+00	2023-10-12 13:55:28.421468+00	3	1	0.73
142	2023-10-12	7	5.6	2023-10-12 13:55:28.42991+00	2023-10-12 13:55:28.42993+00	12	1	0.93
143	2023-10-12	191	57.3	2023-10-12 13:55:28.438432+00	2023-10-12 13:55:28.43845+00	1	1	9.55
144	2023-10-13	4	1.8	2023-10-13 15:45:10.211457+00	2023-10-13 15:45:10.211477+00	2	1	0.3
145	2023-10-13	24	9.6	2023-10-13 15:45:10.221692+00	2023-10-13 15:45:10.221709+00	3	1	1.6
146	2023-10-13	23	18.4	2023-10-13 15:45:10.229753+00	2023-10-13 15:45:10.229773+00	12	1	3.07
147	2023-10-13	470	141	2023-10-13 15:45:10.238373+00	2023-10-13 15:45:10.23839+00	1	1	23.5
148	2023-10-18	12	4.8	2023-10-18 15:46:10.552703+00	2023-10-18 15:46:10.552722+00	3	1	0.8
149	2023-10-18	10	15	2023-10-18 15:46:10.568474+00	2023-10-18 15:46:10.568495+00	8	1	2.5
150	2023-10-18	1	1.2	2023-10-18 15:46:10.574357+00	2023-10-18 15:46:10.574372+00	9	1	0.2
151	2023-10-18	103	30.9	2023-10-18 15:46:10.584712+00	2023-10-18 15:46:10.584728+00	1	1	5.15
152	2023-10-19	3	2.4	2023-10-19 15:49:51.266743+00	2023-10-19 15:49:51.266761+00	12	1	0.4
153	2023-10-19	233	69.9	2023-10-19 15:49:51.279526+00	2023-10-19 15:49:51.279543+00	1	1	11.65
154	2023-09-24	1	30	2023-10-19 18:10:48.84974+00	2023-10-19 18:10:48.849756+00	22	3	5
155	2023-09-27	1	30	2023-10-19 18:11:11.608823+00	2023-10-19 18:11:11.60884+00	22	3	5
156	2023-10-03	1	30	2023-10-19 18:11:28.381821+00	2023-10-19 18:11:28.381836+00	22	3	5
157	2023-10-13	1	30	2023-10-19 18:11:43.766954+00	2023-10-19 18:11:43.766975+00	22	3	5
158	2023-10-17	1	30	2023-10-19 18:11:53.372668+00	2023-10-19 18:11:53.37269+00	22	3	5
159	2023-10-19	1	30	2023-10-19 18:12:03.40987+00	2023-10-19 18:12:03.409891+00	22	3	5
160	2023-09-27	1	30	2023-10-19 18:12:47.373406+00	2023-10-19 18:12:47.373424+00	22	3	5
161	2023-10-20	1	30	2023-10-20 13:51:26.567763+00	2023-10-20 13:51:26.567784+00	22	3	5
162	2023-10-20	4	1.8	2023-10-20 15:19:44.923981+00	2023-10-20 15:19:44.924001+00	2	1	0.3
163	2023-10-20	7	5.6	2023-10-20 15:19:44.935718+00	2023-10-20 15:19:44.935735+00	12	1	0.93
164	2023-10-20	268	80.4	2023-10-20 15:19:44.943936+00	2023-10-20 15:19:44.943953+00	1	1	13.4
167	2023-10-25	4	6	2023-10-25 15:30:55.654318+00	2023-10-25 15:30:55.654336+00	8	1	1
168	2023-10-25	1	0.8	2023-10-25 15:30:55.663746+00	2023-10-25 15:30:55.663763+00	12	1	0.13
169	2023-10-25	2	3	2023-10-25 15:30:55.66884+00	2023-10-25 15:30:55.668855+00	17	1	0.5
170	2023-10-25	7	2.1	2023-10-25 15:30:55.676316+00	2023-10-25 15:30:55.67633+00	1	1	0.35
171	2023-10-23	1	30	2023-10-25 18:27:21.09351+00	2023-10-25 18:27:21.09353+00	22	3	5
172	2023-10-26	40	60	2023-10-26 15:49:01.939358+00	2023-10-26 15:49:01.939377+00	8	1	10
173	2023-10-26	136	40.8	2023-10-26 15:49:01.96328+00	2023-10-26 15:49:01.963297+00	1	1	6.8
174	2023-10-27	3	4.5	2023-10-27 15:47:35.900339+00	2023-10-27 15:47:35.900355+00	8	1	0.75
175	2023-10-27	9	13.5	2023-10-27 15:47:35.916676+00	2023-10-27 15:47:35.916697+00	17	1	2.25
176	2023-10-27	255	76.5	2023-10-27 15:47:35.924281+00	2023-10-27 15:47:35.924295+00	1	1	12.75
177	2023-11-01	3	4.5	2023-11-01 15:53:25.140576+00	2023-11-01 15:53:25.140597+00	8	1	0.75
178	2023-11-01	4	4.8	2023-11-01 15:53:25.150489+00	2023-11-01 15:53:25.150505+00	9	1	0.8
179	2023-11-01	27	8.1	2023-11-01 15:53:25.172089+00	2023-11-01 15:53:25.172111+00	1	1	1.35
180	2023-11-02	3	1.35	2023-11-02 15:46:09.75869+00	2023-11-02 15:46:09.758706+00	2	1	0.23
181	2023-11-02	13	19.5	2023-11-02 15:46:09.769765+00	2023-11-02 15:46:09.769786+00	8	1	3.25
182	2023-11-02	169	50.7	2023-11-02 15:46:09.780919+00	2023-11-02 15:46:09.780939+00	1	1	8.45
183	2023-11-03	7	3.15	2023-11-03 15:37:05.919057+00	2023-11-03 15:37:05.919073+00	2	1	0.53
184	2023-11-03	4	6	2023-11-03 15:37:05.929602+00	2023-11-03 15:37:05.929618+00	8	1	1
185	2023-11-03	10	8	2023-11-03 15:37:05.936554+00	2023-11-03 15:37:05.93657+00	12	1	1.33
186	2023-11-03	462	138.6	2023-11-03 15:37:05.945087+00	2023-11-03 15:37:05.945105+00	1	1	23.1
187	2023-10-26	1	30	2023-11-08 10:12:07.127309+00	2023-11-08 10:12:07.127327+00	22	3	5
188	2023-11-03	1	30	2023-11-08 10:12:24.350848+00	2023-11-08 10:12:24.350872+00	22	3	5
189	2023-11-13	1	30	2023-11-15 05:13:13.049529+00	2023-11-15 05:13:13.049545+00	22	3	5
190	2023-11-15	1	30	2023-11-15 06:22:59.81831+00	2023-11-15 06:22:59.81833+00	22	3	5
191	2023-11-15	42	63	2023-11-15 15:41:41.291529+00	2023-11-15 15:41:41.291547+00	8	1	10.5
192	2023-11-15	10	12	2023-11-15 15:41:41.30547+00	2023-11-15 15:41:41.305488+00	9	1	2
193	2023-11-15	2	1.6	2023-11-15 15:41:41.311942+00	2023-11-15 15:41:41.311962+00	12	1	0.27
194	2023-11-15	86	25.8	2023-11-15 15:41:41.321551+00	2023-11-15 15:41:41.321566+00	1	1	4.3
195	2023-11-16	3	1.35	2023-11-16 15:41:58.248251+00	2023-11-16 15:41:58.248269+00	2	1	0.23
196	2023-11-16	10	15	2023-11-16 15:41:58.261161+00	2023-11-16 15:41:58.261179+00	8	1	2.5
197	2023-11-16	4	4.8	2023-11-16 15:41:58.270625+00	2023-11-16 15:41:58.270648+00	9	1	0.8
198	2023-11-16	240	72	2023-11-16 15:41:58.28481+00	2023-11-16 15:41:58.284831+00	1	1	12
199	2023-11-17	3	90	2023-11-17 05:48:01.402188+00	2023-11-17 05:48:01.402207+00	22	3	15
200	2023-11-17	11	4.95	2023-11-17 15:49:43.057043+00	2023-11-17 15:49:43.057065+00	2	1	0.83
201	2023-11-17	38	57	2023-11-17 15:49:43.070567+00	2023-11-17 15:49:43.070587+00	8	1	9.5
202	2023-11-17	3	2.4	2023-11-17 15:49:43.078359+00	2023-11-17 15:49:43.078374+00	12	1	0.4
203	2023-11-17	586	175.8	2023-11-17 15:49:43.088548+00	2023-11-17 15:49:43.088565+00	1	1	29.3
204	2023-11-20	1	30	2023-11-20 05:37:27.30968+00	2023-11-20 05:37:27.309697+00	22	3	5
205	2023-11-20	1	30	2023-11-20 08:37:10.101206+00	2023-11-20 08:37:10.101225+00	22	3	5
206	2023-11-21	31	12.4	2023-11-21 15:43:17.593292+00	2023-11-21 15:43:17.593312+00	3	1	2.07
207	2023-11-21	31	46.5	2023-11-21 15:43:17.603858+00	2023-11-21 15:43:17.603875+00	8	1	7.75
208	2023-11-21	10	12	2023-11-21 15:43:17.609185+00	2023-11-21 15:43:17.609201+00	9	1	2
209	2023-11-21	4	1.2	2023-11-21 15:43:17.619169+00	2023-11-21 15:43:17.619185+00	1	1	0.2
210	2023-11-22	1	30	2023-11-22 05:21:21.461671+00	2023-11-22 05:21:21.461689+00	22	3	5
211	2023-11-22	3	1.35	2023-11-22 15:52:54.672301+00	2023-11-22 15:52:54.672319+00	2	1	0.23
212	2023-11-22	47	70.5	2023-11-22 15:52:54.683255+00	2023-11-22 15:52:54.683269+00	8	1	11.75
213	2023-11-22	12	14.4	2023-11-22 15:52:54.688208+00	2023-11-22 15:52:54.688224+00	9	1	2.4
214	2023-11-22	3	6.6	2023-11-22 15:52:54.695518+00	2023-11-22 15:52:54.695533+00	18	1	1.1
215	2023-11-22	182	54.6	2023-11-22 15:52:54.701753+00	2023-11-22 15:52:54.701766+00	1	1	9.1
216	2023-11-22	3	90	2023-11-23 05:43:42.829219+00	2023-11-23 05:43:42.829237+00	22	3	15
217	2023-11-23	5	2.25	2023-11-23 15:41:15.141291+00	2023-11-23 15:41:15.141311+00	2	1	0.38
218	2023-11-23	22	33	2023-11-23 15:41:15.152402+00	2023-11-23 15:41:15.152418+00	8	1	5.5
219	2023-11-23	5	6	2023-11-23 15:41:15.157383+00	2023-11-23 15:41:15.157398+00	9	1	1
220	2023-11-23	7	15.4	2023-11-23 15:41:15.164808+00	2023-11-23 15:41:15.164825+00	18	1	2.57
221	2023-11-23	626	187.8	2023-11-23 15:41:15.171766+00	2023-11-23 15:41:15.171782+00	1	1	31.3
222	2023-11-24	1	30	2023-11-24 11:11:16.231979+00	2023-11-24 11:11:16.231994+00	22	3	5
223	2023-11-24	2	60	2023-11-24 13:33:46.192126+00	2023-11-24 13:33:46.192141+00	22	3	10
224	2023-11-24	8	3.6	2023-11-24 15:15:45.717933+00	2023-11-24 15:15:45.71795+00	2	1	0.6
225	2023-11-24	20	30	2023-11-24 15:15:45.727377+00	2023-11-24 15:15:45.727394+00	8	1	5
226	2023-11-24	555	166.5	2023-11-24 15:15:45.738334+00	2023-11-24 15:15:45.738351+00	1	1	27.75
227	2023-11-27	1	30	2023-11-28 11:01:16.133597+00	2023-11-28 11:01:16.133619+00	22	3	5
228	2023-11-29	2	0.9	2023-11-29 15:20:14.135375+00	2023-11-29 15:20:14.135392+00	2	1	0.15
229	2023-11-29	28	42	2023-11-29 15:20:14.150316+00	2023-11-29 15:20:14.150337+00	8	1	7
230	2023-11-29	19	22.8	2023-11-29 15:20:14.155269+00	2023-11-29 15:20:14.155285+00	9	1	3.8
231	2023-11-29	285	85.5	2023-11-29 15:20:14.16526+00	2023-11-29 15:20:14.16529+00	1	1	14.25
232	2023-11-30	30	45	2023-11-30 12:54:10.697616+00	2023-11-30 12:54:10.697635+00	8	1	7.5
233	2023-11-30	3	3.6	2023-11-30 12:54:10.708682+00	2023-11-30 12:54:10.7087+00	9	1	0.6
234	2023-11-30	125	37.5	2023-11-30 12:54:10.719092+00	2023-11-30 12:54:10.719109+00	1	1	6.25
235	2023-12-01	10	4.5	2023-12-01 15:15:37.381677+00	2023-12-01 15:15:37.381694+00	2	1	0.75
236	2023-12-01	10	15	2023-12-01 15:15:37.39706+00	2023-12-01 15:15:37.397079+00	17	1	2.5
237	2023-12-01	1077	323.1	2023-12-01 15:15:37.405792+00	2023-12-01 15:15:37.405815+00	1	1	53.85
238	2023-12-01	1	30	2023-12-06 10:05:20.548538+00	2023-12-06 10:05:20.548558+00	22	3	5
239	2023-12-04	1	30	2023-12-06 10:05:28.810417+00	2023-12-06 10:05:28.810434+00	22	3	5
240	2023-12-08	1	30	2023-12-11 05:59:47.393147+00	2023-12-11 05:59:47.393164+00	22	3	5
241	2023-12-11	1	30	2023-12-11 10:21:12.599425+00	2023-12-11 10:21:12.599441+00	22	3	5
242	2023-12-13	8	3.6	2023-12-13 15:44:44.315+00	2023-12-13 15:44:44.31502+00	2	1	0.6
243	2023-12-13	16	24	2023-12-13 15:44:44.328241+00	2023-12-13 15:44:44.328263+00	8	1	4
244	2023-12-13	2	2.4	2023-12-13 15:44:44.33459+00	2023-12-13 15:44:44.334608+00	9	1	0.4
245	2023-12-13	186	55.8	2023-12-13 15:44:44.346914+00	2023-12-13 15:44:44.346936+00	1	1	9.3
246	2023-12-14	2	60	2023-12-14 14:02:09.014801+00	2023-12-14 14:02:09.014816+00	22	3	10
247	2023-12-14	1	0.45	2023-12-14 15:40:08.005369+00	2023-12-14 15:40:08.005387+00	2	1	0.07
248	2023-12-14	148	44.4	2023-12-14 15:40:08.022163+00	2023-12-14 15:40:08.02218+00	1	1	7.4
249	2023-12-15	8	3.6	2023-12-15 15:39:11.665689+00	2023-12-15 15:39:11.665708+00	2	1	0.6
250	2023-12-15	90	27	2023-12-15 15:39:11.685181+00	2023-12-15 15:39:11.68523+00	1	1	4.5
251	2023-12-20	3	1.35	2023-12-20 15:34:45.328138+00	2023-12-20 15:34:45.328156+00	2	1	0.23
252	2023-12-20	3	3.6	2023-12-20 15:34:45.344612+00	2023-12-20 15:34:45.34463+00	9	1	0.6
253	2023-12-20	140	42	2023-12-20 15:34:45.354907+00	2023-12-20 15:34:45.354923+00	1	1	7
254	2023-12-18	2	60	2023-12-21 05:17:57.238165+00	2023-12-21 05:17:57.238182+00	22	3	10
255	2023-12-21	20	30	2023-12-21 15:51:29.587398+00	2023-12-21 15:51:29.587421+00	8	1	5
256	2023-12-21	19	5.7	2023-12-21 15:51:29.606499+00	2023-12-21 15:51:29.606522+00	1	1	0.95
257	2023-12-22	2	0.9	2023-12-22 15:25:35.095298+00	2023-12-22 15:25:35.095316+00	2	1	0.15
258	2023-12-22	100	30	2023-12-22 15:25:35.117239+00	2023-12-22 15:25:35.117258+00	1	1	5
259	2024-01-10	1	30	2024-01-11 05:49:40.706277+00	2024-01-11 05:49:40.706292+00	22	3	5
260	2024-01-17	1	30	2024-01-17 07:08:21.423995+00	2024-01-17 07:08:21.424012+00	22	3	5
261	2024-01-17	14	21	2024-01-17 15:32:01.993342+00	2024-01-17 15:32:01.993366+00	8	1	3.5
262	2024-01-17	1	1.2	2024-01-17 15:32:02.005658+00	2024-01-17 15:32:02.005684+00	9	1	0.2
263	2024-01-17	30	9	2024-01-17 15:32:02.016847+00	2024-01-17 15:32:02.01687+00	1	1	1.5
264	2024-01-18	1	30	2024-01-18 06:31:44.468146+00	2024-01-18 06:31:44.468163+00	22	3	5
265	2024-01-18	1	1.2	2024-01-18 15:36:40.868784+00	2024-01-18 15:36:40.868806+00	9	1	0.2
266	2024-01-18	35	10.5	2024-01-18 15:36:40.886326+00	2024-01-18 15:36:40.886346+00	1	1	1.75
267	2024-01-19	1	30	2024-01-19 06:42:30.91347+00	2024-01-19 06:42:30.913493+00	22	3	5
268	2024-01-23	1	30	2024-01-23 12:20:46.821307+00	2024-01-23 12:20:46.821332+00	22	3	5
269	2024-01-23	2	0.9	2024-01-23 15:20:19.297635+00	2024-01-23 15:20:19.297659+00	2	1	0.15
270	2024-01-23	2	3	2024-01-23 15:20:19.308796+00	2024-01-23 15:20:19.308815+00	8	1	0.5
271	2024-01-23	112	33.6	2024-01-23 15:20:19.319873+00	2024-01-23 15:20:19.319892+00	1	1	5.6
272	2024-01-24	5	2.25	2024-01-24 15:31:44.59622+00	2024-01-24 15:31:44.596238+00	2	1	0.38
273	2024-01-24	14	21	2024-01-24 15:31:44.611026+00	2024-01-24 15:31:44.611044+00	8	1	3.5
274	2024-01-24	172	51.6	2024-01-24 15:31:44.622062+00	2024-01-24 15:31:44.622081+00	1	1	8.6
275	2024-01-25	6	9	2024-01-25 15:31:12.822813+00	2024-01-25 15:31:12.822831+00	17	1	1.5
276	2024-01-25	25	7.5	2024-01-25 15:31:12.838184+00	2024-01-25 15:31:12.838203+00	1	1	1.25
277	2024-01-26	6	9	2024-01-26 15:27:20.684497+00	2024-01-26 15:27:20.684519+00	17	1	1.5
278	2024-01-26	11	24.2	2024-01-26 15:27:20.69834+00	2024-01-26 15:27:20.698388+00	18	1	4.03
279	2024-01-26	28	8.4	2024-01-26 15:27:20.708157+00	2024-01-26 15:27:20.708176+00	1	1	1.4
280	2024-02-02	3	1.35	2024-02-02 15:15:47.748461+00	2024-02-02 15:15:47.748485+00	2	1	0.23
281	2024-02-02	4	3.2	2024-02-02 15:15:47.763884+00	2024-02-02 15:15:47.763906+00	12	1	0.53
282	2024-02-02	54	16.2	2024-02-02 15:15:47.772714+00	2024-02-02 15:15:47.772732+00	1	1	2.7
283	2024-02-07	21	31.5	2024-02-07 15:36:54.633574+00	2024-02-07 15:36:54.633594+00	8	1	5.25
284	2024-02-07	9	10.8	2024-02-07 15:36:54.653766+00	2024-02-07 15:36:54.653786+00	9	1	1.8
285	2024-02-07	125	37.5	2024-02-07 15:36:54.672893+00	2024-02-07 15:36:54.672912+00	1	1	6.25
286	2024-01-29	1	30	2024-02-08 06:30:19.25602+00	2024-02-08 06:30:19.256037+00	22	3	5
287	2024-02-01	1	30	2024-02-08 06:30:25.749434+00	2024-02-08 06:30:25.749458+00	22	3	5
288	2024-02-08	1	30	2024-02-08 13:36:38.373768+00	2024-02-08 13:36:38.373787+00	22	3	5
289	2024-02-08	3	3.6	2024-02-08 15:25:35.585577+00	2024-02-08 15:25:35.585593+00	9	1	0.6
290	2024-02-08	9	19.8	2024-02-08 15:25:35.596895+00	2024-02-08 15:25:35.596913+00	18	1	3.3
291	2024-02-08	218	65.4	2024-02-08 15:25:35.603506+00	2024-02-08 15:25:35.603523+00	1	1	10.9
292	2024-02-09	2	0.9	2024-02-09 14:48:18.821502+00	2024-02-09 14:48:18.82152+00	2	1	0.15
293	2024-02-09	2	2.4	2024-02-09 14:48:18.837458+00	2024-02-09 14:48:18.837474+00	9	1	0.4
294	2024-02-09	3	2.4	2024-02-09 14:48:18.843653+00	2024-02-09 14:48:18.843667+00	12	1	0.4
295	2024-02-09	9	13.5	2024-02-09 14:48:18.848499+00	2024-02-09 14:48:18.848514+00	17	1	2.25
296	2024-02-09	199	59.7	2024-02-09 14:48:18.855763+00	2024-02-09 14:48:18.855777+00	1	1	9.95
297	2024-02-10	1	30	2024-02-10 10:07:54.079162+00	2024-02-10 10:07:54.079179+00	22	3	5
298	2024-02-12	1	30	2024-02-12 05:24:58.233136+00	2024-02-12 05:24:58.233157+00	22	3	5
299	2024-02-12	1	30	2024-02-12 07:19:34.62656+00	2024-02-12 07:19:34.626581+00	22	3	5
300	2024-02-13	2	60	2024-02-13 06:44:09.439661+00	2024-02-13 06:44:09.439681+00	22	3	10
301	2024-02-13	1	30	2024-02-13 06:50:00.826655+00	2024-02-13 06:50:00.826674+00	22	3	5
302	2024-02-13	3	1.35	2024-02-13 15:27:44.780845+00	2024-02-13 15:27:44.780864+00	2	1	0.23
303	2024-02-13	38	57	2024-02-13 15:27:44.794837+00	2024-02-13 15:27:44.794858+00	8	1	9.5
304	2024-02-13	16	19.2	2024-02-13 15:27:44.800965+00	2024-02-13 15:27:44.800981+00	9	1	3.2
305	2024-02-13	186	55.8	2024-02-13 15:27:44.810924+00	2024-02-13 15:27:44.810941+00	1	1	9.3
306	2024-02-14	2	0.9	2024-02-14 11:28:43.969284+00	2024-02-14 11:28:43.969301+00	2	1	0.15
307	2024-02-14	20	30	2024-02-14 11:28:43.991904+00	2024-02-14 11:28:43.991923+00	8	1	5
308	2024-02-14	11	13.2	2024-02-14 11:28:44.0004+00	2024-02-14 11:28:44.000417+00	9	1	2.2
309	2024-02-14	103	30.9	2024-02-14 11:28:44.010369+00	2024-02-14 11:28:44.010387+00	1	1	5.15
310	2024-02-14	37	55.5	2024-02-14 15:15:23.839372+00	2024-02-14 15:15:23.839392+00	8	1	9.25
311	2024-02-14	4	4.8	2024-02-14 15:15:23.849502+00	2024-02-14 15:15:23.84952+00	9	1	0.8
312	2024-02-14	150	45	2024-02-14 15:15:23.859949+00	2024-02-14 15:15:23.859972+00	1	1	7.5
313	2024-02-15	14	6.3	2024-02-15 15:27:37.18343+00	2024-02-15 15:27:37.183449+00	2	1	1.05
314	2024-02-15	30	45	2024-02-15 15:27:37.198197+00	2024-02-15 15:27:37.198213+00	8	1	7.5
315	2024-02-15	754	226.2	2024-02-15 15:27:37.209449+00	2024-02-15 15:27:37.209466+00	1	1	37.7
316	2024-02-16	1	30	2024-02-16 10:31:38.407844+00	2024-02-16 10:31:38.407866+00	22	3	5
317	2024-02-16	6	9	2024-02-16 15:28:54.123118+00	2024-02-16 15:28:54.123134+00	8	1	1.5
318	2024-02-16	15	12	2024-02-16 15:28:54.133187+00	2024-02-16 15:28:54.133204+00	12	1	2
319	2024-02-16	1	30	2024-02-19 14:00:44.278254+00	2024-02-19 14:00:44.278272+00	22	3	5
320	2024-02-20	1	0.45	2024-02-20 16:06:11.538014+00	2024-02-20 16:06:11.538031+00	2	1	0.07
321	2024-02-20	5	7.5	2024-02-20 16:06:11.549738+00	2024-02-20 16:06:11.549755+00	8	1	1.25
322	2024-02-20	116	34.8	2024-02-20 16:06:11.561841+00	2024-02-20 16:06:11.561861+00	1	1	5.8
323	2024-02-21	3	4.5	2024-02-21 15:22:38.049745+00	2024-02-21 15:22:38.049782+00	8	1	0.75
324	2024-02-21	8	9.6	2024-02-21 15:22:38.059759+00	2024-02-21 15:22:38.05978+00	9	1	1.6
325	2024-02-21	2	3	2024-02-21 15:22:38.066183+00	2024-02-21 15:22:38.066197+00	17	1	0.5
326	2024-02-21	123	36.9	2024-02-21 15:22:38.073519+00	2024-02-21 15:22:38.073535+00	1	1	6.15
327	2024-02-22	9	4.05	2024-02-22 15:35:51.257207+00	2024-02-22 15:35:51.257226+00	2	1	0.67
328	2024-02-22	3	4.5	2024-02-22 15:35:51.269972+00	2024-02-22 15:35:51.26999+00	8	1	0.75
329	2024-02-22	344	103.2	2024-02-22 15:35:51.280837+00	2024-02-22 15:35:51.280855+00	1	1	17.2
330	2024-02-23	5	2.25	2024-02-23 16:05:46.093275+00	2024-02-23 16:05:46.093295+00	2	1	0.38
331	2024-02-23	3	2.4	2024-02-23 16:05:46.110102+00	2024-02-23 16:05:46.11012+00	12	1	0.4
332	2024-02-23	3	4.5	2024-02-23 16:05:46.115515+00	2024-02-23 16:05:46.115531+00	17	1	0.75
333	2024-02-23	158	47.4	2024-02-23 16:05:46.12328+00	2024-02-23 16:05:46.123298+00	1	1	7.9
334	2024-02-26	3	90	2024-02-26 11:15:51.993284+00	2024-02-26 11:15:51.993303+00	22	3	15
335	2024-02-27	3	90	2024-02-27 12:46:31.750177+00	2024-02-27 12:46:31.750196+00	22	3	15
336	2024-02-27	1	30	2024-02-27 12:53:33.511584+00	2024-02-27 12:53:33.511602+00	22	3	5
337	2024-02-27	3	1.35	2024-02-27 15:46:16.124303+00	2024-02-27 15:46:16.12432+00	2	1	0.23
338	2024-02-27	19	28.5	2024-02-27 15:46:16.133874+00	2024-02-27 15:46:16.133891+00	8	1	4.75
339	2024-02-27	24	28.8	2024-02-27 15:46:16.139018+00	2024-02-27 15:46:16.139032+00	9	1	4.8
340	2024-02-27	265	79.5	2024-02-27 15:46:16.149115+00	2024-02-27 15:46:16.14913+00	1	1	13.25
341	2024-02-28	1	30	2024-02-28 05:45:39.590843+00	2024-02-28 05:45:39.590862+00	22	3	5
342	2024-02-28	1	30	2024-02-28 08:19:38.234079+00	2024-02-28 08:19:38.234098+00	22	3	5
343	2024-02-28	10	4.5	2024-02-28 15:37:54.424932+00	2024-02-28 15:37:54.424953+00	2	1	0.75
344	2024-02-28	17	25.5	2024-02-28 15:37:54.437587+00	2024-02-28 15:37:54.437604+00	8	1	4.25
345	2024-02-28	8	9.6	2024-02-28 15:37:54.442942+00	2024-02-28 15:37:54.442958+00	9	1	1.6
346	2024-02-28	552	165.6	2024-02-28 15:37:54.453065+00	2024-02-28 15:37:54.45308+00	1	1	27.6
347	2024-02-29	12	5.4	2024-02-29 12:17:15.615467+00	2024-02-29 12:17:15.615493+00	2	1	0.9
348	2024-02-29	7	10.5	2024-02-29 12:17:15.627304+00	2024-02-29 12:17:15.62733+00	8	1	1.75
349	2024-02-29	4	4.8	2024-02-29 12:17:15.632584+00	2024-02-29 12:17:15.632601+00	9	1	0.8
350	2024-02-29	535	160.5	2024-02-29 12:17:15.642608+00	2024-02-29 12:17:15.642625+00	1	1	26.75
351	2024-02-29	1	30	2024-02-29 17:59:14.31661+00	2024-02-29 17:59:14.316628+00	22	3	5
352	2024-03-01	18	8.1	2024-03-01 14:55:49.838975+00	2024-03-01 14:55:49.839006+00	2	1	1.35
353	2024-03-01	19	41.8	2024-03-01 14:55:49.862318+00	2024-03-01 14:55:49.862334+00	18	1	6.97
354	2024-03-01	468	140.4	2024-03-01 14:55:49.869244+00	2024-03-01 14:55:49.86926+00	1	1	23.4
355	2024-03-04	3	90	2024-03-05 07:45:36.722037+00	2024-03-05 07:45:36.722059+00	22	3	15
356	2024-03-05	1	30	2024-03-05 10:06:45.986369+00	2024-03-05 10:06:45.986414+00	22	3	5
357	2024-03-06	1	30	2024-03-11 05:05:33.132633+00	2024-03-11 05:05:33.132652+00	22	3	5
358	2024-03-07	2	60	2024-03-11 05:05:40.624856+00	2024-03-11 05:05:40.624873+00	22	3	10
359	2024-03-07	1	30	2024-03-13 05:13:59.740194+00	2024-03-13 05:13:59.74022+00	22	3	5
360	2024-03-11	5	150	2024-03-13 05:14:45.397999+00	2024-03-13 05:14:45.398016+00	22	3	25
361	2024-03-12	2	60	2024-03-13 05:14:57.957426+00	2024-03-13 05:14:57.957445+00	22	3	10
362	2024-03-12	10	15	2024-03-13 08:30:13.865301+00	2024-03-13 08:30:13.865317+00	8	1	2.5
363	2024-03-12	7	8.4	2024-03-13 08:30:13.877283+00	2024-03-13 08:30:13.8773+00	9	1	1.4
364	2024-03-12	39	11.7	2024-03-13 08:30:13.890635+00	2024-03-13 08:30:13.890652+00	1	1	1.95
365	2024-03-13	2	60	2024-03-13 13:30:32.486932+00	2024-03-13 13:30:32.486949+00	22	3	10
366	2024-03-13	7	3.15	2024-03-13 15:37:12.574193+00	2024-03-13 15:37:12.57421+00	2	1	0.53
367	2024-03-13	20	8	2024-03-13 15:37:12.586407+00	2024-03-13 15:37:12.586423+00	3	1	1.33
368	2024-03-13	13	19.5	2024-03-13 15:37:12.595944+00	2024-03-13 15:37:12.59596+00	8	1	3.25
369	2024-03-13	3	3.6	2024-03-13 15:37:12.604852+00	2024-03-13 15:37:12.604868+00	9	1	0.6
370	2024-03-13	388	116.4	2024-03-13 15:37:12.618692+00	2024-03-13 15:37:12.618708+00	1	1	19.4
371	2024-03-14	6	2.7	2024-03-14 09:01:56.776254+00	2024-03-14 09:01:56.776271+00	2	1	0.45
372	2024-03-14	7	10.5	2024-03-14 09:01:56.789475+00	2024-03-14 09:01:56.789493+00	8	1	1.75
373	2024-03-14	215	64.5	2024-03-14 09:01:56.803602+00	2024-03-14 09:01:56.803619+00	1	1	10.75
374	2024-03-14	3	90	2024-03-14 10:46:48.50775+00	2024-03-14 10:46:48.507767+00	22	3	15
375	2024-03-14	8	3.6	2024-03-14 15:18:03.21806+00	2024-03-14 15:18:03.218078+00	2	1	0.6
376	2024-03-14	8	12	2024-03-14 15:18:03.231606+00	2024-03-14 15:18:03.231623+00	8	1	2
377	2024-03-14	323	96.9	2024-03-14 15:18:03.246617+00	2024-03-14 15:18:03.246642+00	1	1	16.15
378	2024-03-15	3	90	2024-03-15 10:28:31.506057+00	2024-03-15 10:28:31.506075+00	22	3	15
379	2024-03-15	1	30	2024-03-15 12:33:25.96753+00	2024-03-15 12:33:25.96755+00	22	3	5
380	2024-03-15	1	30	2024-03-15 13:47:10.192606+00	2024-03-15 13:47:10.192623+00	22	3	5
381	2024-03-15	2	0.9	2024-03-15 14:51:14.749829+00	2024-03-15 14:51:14.749848+00	2	1	0.15
382	2024-03-15	6	9	2024-03-15 14:51:14.763237+00	2024-03-15 14:51:14.763255+00	8	1	1.5
383	2024-03-15	11	16.5	2024-03-15 14:51:14.774213+00	2024-03-15 14:51:14.77423+00	17	1	2.75
384	2024-03-15	69	20.7	2024-03-15 14:51:14.784971+00	2024-03-15 14:51:14.784988+00	1	1	3.45
385	2024-03-18	4	120	2024-03-18 11:59:10.096785+00	2024-03-18 11:59:10.096802+00	22	3	20
386	2024-03-20	1	30	2024-03-20 05:46:45.322636+00	2024-03-20 05:46:45.322655+00	22	3	5
387	2024-03-20	4	120	2024-03-20 06:07:43.633741+00	2024-03-20 06:07:43.633769+00	22	3	20
388	2024-02-20	5	150	2024-03-20 06:07:57.956859+00	2024-03-20 06:07:57.956881+00	22	3	25
393	2024-03-22	2	0.9	2024-03-22 14:28:41.092847+00	2024-03-22 14:28:41.092869+00	2	1	0.15
390	2024-03-21	2	60	2024-03-21 05:28:41.101858+00	2024-03-21 05:28:41.101875+00	22	3	10
391	2024-03-21	8	3.6	2024-03-21 15:23:58.122043+00	2024-03-21 15:23:58.122063+00	2	1	0.6
392	2024-03-21	274	82.2	2024-03-21 15:23:58.145296+00	2024-03-21 15:23:58.145312+00	1	1	13.7
394	2024-03-22	8	17.6	2024-03-22 14:28:41.117635+00	2024-03-22 14:28:41.117654+00	18	1	2.93
395	2024-03-22	95	28.5	2024-03-22 14:28:41.132231+00	2024-03-22 14:28:41.132249+00	1	1	4.75
396	2024-03-25	3	90	2024-03-25 10:26:03.786136+00	2024-03-25 10:26:03.786153+00	22	3	15
397	2024-03-28	1	30	2024-03-28 06:35:09.457615+00	2024-03-28 06:35:09.457636+00	22	3	5
398	2024-03-29	1	30	2024-03-29 11:58:35.034499+00	2024-03-29 11:58:35.03452+00	22	3	5
399	2024-04-01	2	60	2024-04-01 11:11:59.027712+00	2024-04-01 11:11:59.027729+00	22	3	10
400	2024-04-03	2	60	2024-04-03 06:22:50.772304+00	2024-04-03 06:22:50.772322+00	22	3	10
401	2024-04-03	6	2.7	2024-04-03 15:07:28.503327+00	2024-04-03 15:07:28.503346+00	2	1	0.45
402	2024-04-03	10	15	2024-04-03 15:07:28.524741+00	2024-04-03 15:07:28.524761+00	8	1	2.5
403	2024-04-03	114	34.2	2024-04-03 15:07:28.544326+00	2024-04-03 15:07:28.544345+00	1	1	5.7
404	2024-04-04	2	60	2024-04-04 13:40:04.173404+00	2024-04-04 13:40:04.173424+00	22	3	10
405	2024-04-04	5	2.25	2024-04-04 15:28:41.205616+00	2024-04-04 15:28:41.205639+00	2	1	0.38
406	2024-04-04	264	79.2	2024-04-04 15:28:41.231546+00	2024-04-04 15:28:41.231568+00	1	1	13.2
407	2024-04-05	1	30	2024-04-05 05:42:44.476326+00	2024-04-05 05:42:44.476344+00	22	3	5
408	2024-04-05	16	12.8	2024-04-05 14:53:25.182235+00	2024-04-05 14:53:25.182252+00	12	1	2.13
409	2024-04-05	96	28.8	2024-04-05 14:53:25.200683+00	2024-04-05 14:53:25.200701+00	1	1	4.8
410	2024-04-08	1	30	2024-04-08 13:18:27.669097+00	2024-04-08 13:18:27.669116+00	22	3	5
411	2024-02-06	12	3.6	2024-04-09 14:29:08.73008+00	2024-04-09 14:29:08.730099+00	24	5	0.6
412	2024-02-15	30	12	2024-04-09 14:29:57.807782+00	2024-04-09 14:29:57.807799+00	27	5	2
413	2024-02-16	15	4.5	2024-04-09 14:30:54.803831+00	2024-04-09 14:30:54.803859+00	24	5	0.75
414	2024-03-11	21	6.3	2024-04-09 14:32:51.324304+00	2024-04-09 14:32:51.324321+00	24	5	1.05
415	2024-03-12	15	6	2024-04-09 14:33:25.724025+00	2024-04-09 14:33:25.724043+00	27	5	1
416	2024-03-20	23	6.9	2024-04-09 14:33:54.901429+00	2024-04-09 14:33:54.901453+00	24	5	1.15
417	2024-03-25	17	5.1	2024-04-09 14:34:48.732506+00	2024-04-09 14:34:48.732523+00	24	5	0.85
419	2024-04-10	17	5.1	2024-04-10 11:09:27.539081+00	2024-04-10 11:09:27.539101+00	24	5	0.85
420	2024-04-10	20	8	2024-04-10 11:09:27.554232+00	2024-04-10 11:09:27.55425+00	27	5	1.33
418	2024-04-10	3	90	2024-04-10 09:11:44.395046+00	2024-04-10 09:11:44.395069+00	22	3	15
421	2024-04-10	2	0.9	2024-04-10 15:23:09.40509+00	2024-04-10 15:23:09.40511+00	2	1	0.15
422	2024-04-10	18	27	2024-04-10 15:23:09.420787+00	2024-04-10 15:23:09.420805+00	8	1	4.5
423	2024-04-10	2	2.4	2024-04-10 15:23:09.432445+00	2024-04-10 15:23:09.432462+00	9	1	0.4
424	2024-04-10	163	48.9	2024-04-10 15:23:09.44908+00	2024-04-10 15:23:09.449098+00	1	1	8.15
425	2024-04-11	2	60	2024-04-11 05:42:26.29809+00	2024-04-11 05:42:26.298115+00	22	3	10
426	2024-04-11	16	7.2	2024-04-11 15:16:13.672621+00	2024-04-11 15:16:13.672638+00	2	1	1.2
427	2024-04-11	14	11.2	2024-04-11 15:16:13.690078+00	2024-04-11 15:16:13.690095+00	12	1	1.87
428	2024-04-11	416	124.8	2024-04-11 15:16:13.705808+00	2024-04-11 15:16:13.705826+00	1	1	20.8
429	2024-04-12	4	120	2024-04-12 06:10:02.766001+00	2024-04-12 06:10:02.766019+00	22	3	20
430	2024-04-12	11	8.8	2024-04-12 12:59:35.938087+00	2024-04-12 12:59:35.938105+00	12	1	1.47
431	2024-04-12	288	86.4	2024-04-12 12:59:35.95503+00	2024-04-12 12:59:35.955058+00	1	1	14.4
432	2024-04-15	1	30	2024-04-15 09:33:14.586705+00	2024-04-15 09:33:14.586723+00	22	3	5
433	2024-04-16	2	60	2024-04-16 11:03:34.446251+00	2024-04-16 11:03:34.44627+00	22	3	10
434	2024-04-16	55	82.5	2024-04-16 14:57:47.579558+00	2024-04-16 14:57:47.579576+00	8	1	13.75
435	2024-04-16	11	13.2	2024-04-16 14:57:47.59286+00	2024-04-16 14:57:47.592879+00	9	1	2.2
436	2024-04-16	101	30.3	2024-04-16 14:57:47.608188+00	2024-04-16 14:57:47.608207+00	1	1	5.05
437	2024-04-17	1	30	2024-04-17 09:11:25.704623+00	2024-04-17 09:11:25.704648+00	22	3	5
438	2024-04-17	3	1.35	2024-04-17 15:24:31.317296+00	2024-04-17 15:24:31.317315+00	2	1	0.23
439	2024-04-17	40	60	2024-04-17 15:24:31.332626+00	2024-04-17 15:24:31.332644+00	8	1	10
440	2024-04-17	480	144	2024-04-17 15:24:31.348657+00	2024-04-17 15:24:31.348673+00	1	1	24
441	2024-04-18	2	60	2024-04-18 07:33:34.816971+00	2024-04-18 07:33:34.816996+00	22	3	10
442	2024-04-18	24	10.8	2024-04-18 15:33:17.115851+00	2024-04-18 15:33:17.11587+00	2	1	1.8
443	2024-04-18	870	261	2024-04-18 15:33:17.138907+00	2024-04-18 15:33:17.138928+00	1	1	43.5
444	2024-04-19	2	60	2024-04-19 12:10:52.389548+00	2024-04-19 12:10:52.389569+00	22	3	10
445	2024-04-19	5	2.25	2024-04-19 15:15:45.16176+00	2024-04-19 15:15:45.161778+00	2	1	0.38
446	2024-04-19	188	56.4	2024-04-19 15:15:45.183315+00	2024-04-19 15:15:45.183332+00	1	1	9.4
447	2024-04-23	3	4.5	2024-04-23 15:15:33.188192+00	2024-04-23 15:15:33.188216+00	8	1	0.75
448	2024-04-23	7	8.4	2024-04-23 15:15:33.203395+00	2024-04-23 15:15:33.203415+00	9	1	1.4
449	2024-04-23	63	18.9	2024-04-23 15:15:33.219631+00	2024-04-23 15:15:33.219649+00	1	1	3.15
450	2024-04-24	1	30	2024-04-24 07:10:56.399942+00	2024-04-24 07:10:56.399959+00	22	3	5
451	2024-04-24	16	24	2024-04-24 15:23:58.547252+00	2024-04-24 15:23:58.547271+00	8	1	4
452	2024-04-24	3	3.6	2024-04-24 15:23:58.561823+00	2024-04-24 15:23:58.561843+00	9	1	0.6
453	2024-04-24	242	72.6	2024-04-24 15:23:58.578053+00	2024-04-24 15:23:58.57807+00	1	1	12.1
454	2024-04-25	8	3.6	2024-04-25 15:26:19.487209+00	2024-04-25 15:26:19.487232+00	2	1	0.6
455	2024-04-25	499	149.7	2024-04-25 15:26:19.514933+00	2024-04-25 15:26:19.51496+00	1	1	24.95
456	2024-04-25	2	60	2024-04-25 15:40:31.288741+00	2024-04-25 15:40:31.288761+00	22	3	10
457	2024-04-26	4	1.8	2024-04-26 14:58:55.55959+00	2024-04-26 14:58:55.559609+00	2	1	0.3
458	2024-04-26	4	8.8	2024-04-26 14:58:55.579657+00	2024-04-26 14:58:55.579676+00	18	1	1.47
459	2024-04-26	167	50.1	2024-04-26 14:58:55.592981+00	2024-04-26 14:58:55.592998+00	1	1	8.35
460	2024-04-30	2	60	2024-04-30 06:04:00.580872+00	2024-04-30 06:04:00.580892+00	22	3	10
462	2024-05-06	2	60	2024-05-06 05:35:34.878096+00	2024-05-06 05:35:34.878117+00	22	3	10
463	2024-05-07	1	30	2024-05-07 13:51:01.162268+00	2024-05-07 13:51:01.162288+00	22	3	5
471	2024-05-21	2	60	2024-05-21 08:01:22.636295+00	2024-05-21 08:01:22.636314+00	22	3	10
464	2024-05-08	4	120	2024-05-08 06:14:49.3226+00	2024-05-08 06:14:49.322621+00	22	3	20
465	2024-05-10	1	30	2024-05-10 12:42:41.777637+00	2024-05-10 12:42:41.777658+00	22	3	5
466	2024-05-15	1	30	2024-05-15 13:19:51.021916+00	2024-05-15 13:19:51.021936+00	22	3	5
467	2024-05-16	3	90	2024-05-16 10:19:15.798052+00	2024-05-16 10:19:15.798072+00	22	3	15
468	2024-05-17	2	60	2024-05-17 06:31:38.884499+00	2024-05-17 06:31:38.88452+00	22	3	10
472	2024-05-23	1	30	2024-05-23 06:39:09.981124+00	2024-05-23 06:39:09.98114+00	22	3	5
469	2024-05-18	3	90	2024-05-18 06:11:41.65886+00	2024-05-18 06:11:41.65893+00	22	3	15
470	2024-05-20	1	30	2024-05-20 05:47:09.951825+00	2024-05-20 05:47:09.951847+00	22	3	5
473	2024-05-24	2	60	2024-05-24 07:40:06.198222+00	2024-05-24 07:40:06.198243+00	22	3	10
474	2024-05-27	1	30	2024-05-27 07:36:04.970826+00	2024-05-27 07:36:04.970844+00	22	3	5
475	2024-05-28	1	30	2024-05-28 08:22:17.864715+00	2024-05-28 08:22:17.864732+00	22	3	5
476	2024-05-29	2	60	2024-05-29 07:01:21.415197+00	2024-05-29 07:01:21.415219+00	22	3	10
477	2024-05-31	1	30	2024-05-31 05:59:11.029945+00	2024-05-31 05:59:11.029962+00	22	3	5
478	2024-06-03	4	120	2024-06-03 05:17:11.187575+00	2024-06-03 05:17:11.187594+00	22	3	20
479	2024-06-04	2	60	2024-06-04 05:22:24.968115+00	2024-06-04 05:22:24.968133+00	22	3	10
480	2024-06-10	1	30	2024-06-10 13:31:56.326355+00	2024-06-10 13:31:56.326378+00	22	3	5
481	2024-06-11	2	60	2024-06-11 06:45:11.954161+00	2024-06-11 06:45:11.954178+00	22	3	10
482	2024-06-12	1	30	2024-06-12 14:00:00.374196+00	2024-06-12 14:00:00.374217+00	22	3	5
483	2024-06-13	2	60	2024-06-13 06:42:06.356223+00	2024-06-13 06:42:06.356239+00	22	3	10
484	2024-06-14	2	60	2024-06-14 13:13:03.835072+00	2024-06-14 13:13:03.83509+00	22	3	10
\.


--
-- Data for Name: services_roles; Type: TABLE DATA; Schema: public; Owner: admin
--

COPY public.services_roles (id, name, description) FROM stdin;
1	Администратор	
2	Оператор	
34	Экономист	
\.


--
-- Data for Name: services_services; Type: TABLE DATA; Schema: public; Owner: admin
--

COPY public.services_services (id, name, description, price, structure_id) FROM stdin;
26	0		0	3
2	Распечатка текста с любого носителя цифровой информации (с предоставлением файла-вкладыша) 		0.45	1
3	Двустороння распечатка текста с любого носителя цифровой информации 		0.4	1
6	Набор и редактирование (титульный лист) 		0.7	1
8	Набор и редактирование текста любой сложности (без распечатки) 		1.5	1
9	Прием/отправка файлов по электронной почте (до 10 Мб) 		1.2	1
10	Прием/отправка файлов по электронной почте (свыше 10 Мб) 		1.7	1
12	Запись информации на флеш-карту до 350 Мб 		0.8	1
17	Запись информации на флеш-карту от 350 Мб до 1 Гб 		1.5	1
18	Запись информации на флеш-карту от 1 Гб до 4 Гб 		2.2	1
19	Запись информации на флеш-карту от 4 Гб до 10 Гб 		4	1
20	Запись информации на флеш-карту свыше 10 Гб		4.5	1
1	Распечатка текста с любого носителя цифровой информации 		0.3	1
22	Пробный тест на высшую категорию	Выполнение пробного теста в рамках подготовки к сдаче квалификационного экзамена при прохождении аттестации на присвоение высшей квалификационной категории (I этап, инвариантная часть)	30	3
24	Пользование книгой и/или журналом за 1 сутки		0.3	5
23	Открытие абонемента от 1 месяца до 1 года для физических лиц	Открытие абонемента от 1 месяца до 1 года для физических лиц, не являющихся слушателями и сотрудниками института	1.6	5
27	Редактирование списка использованных источников к рефератам и/или выпускным работам слушателей	Редактирование представленного списка использованных источников к рефератам и/или выпускным работам слушателей повышения квалификации в соответствии с нормативными документами	0.4	5
25	Дополнение представленного библиографического списка к рефератам и/или выпускным работам слушателей	Дополнение представленного библиографического списка к рефератам и/или выпускным работам слушателей в соответствии с темой и/или запросов (уточнение элементов библиографического описания: разыскание недостающих данных, визуальный просмотр документов)	0.7	5
28	Подготовка полного библиографического списка к рефератам и/или выпускным работам без аннотации	Подготовка полного библиографического списка к рефератам и/или выпускным работам без аннотации	1.5	5
\.


--
-- Data for Name: services_structures; Type: TABLE DATA; Schema: public; Owner: admin
--

COPY public.services_structures (id, name, description, employee_id, earned, plan) FROM stdin;
3	Пробный тест на высшую категорию		37	4320	5000
1	Информационно-библиотечный центр		34	4130.299999999999	8000
5	Библиотека		39	57.50000000000001	100
\.


--
-- Data for Name: services_users; Type: TABLE DATA; Schema: public; Owner: admin
--

COPY public.services_users (id, surname, name, role_id, user_id, avatar, email) FROM stdin;
1	Саченко	Евгений Сергеевич	1	1	nophoto.jpg	it@groiro.by
34	Гуштын	Наталья Сергеевна	2	2	user_2/avatars/pozitiv_smailik.jpg	mail@groiro.by
38	Экономист	Экономист	34	6	nophoto.jpg	buh_iro@mail.ru
39	Гуштын	Наталья Сергеевна	2	7	user_7/avatars/3F3F.webp	it@groiro.by
37	Саченко	Евгений Сергеевич	2	5	user_5/avatars/679-6790781_conectividad-data-center-ateinco-consultora-network-connectio_OVeyu0p.png	evgenii.plus@gmail.com
\.


--
-- Name: auth_group_id_seq; Type: SEQUENCE SET; Schema: public; Owner: admin
--

SELECT pg_catalog.setval('public.auth_group_id_seq', 3, true);


--
-- Name: auth_group_permissions_id_seq; Type: SEQUENCE SET; Schema: public; Owner: admin
--

SELECT pg_catalog.setval('public.auth_group_permissions_id_seq', 61, true);


--
-- Name: auth_permission_id_seq; Type: SEQUENCE SET; Schema: public; Owner: admin
--

SELECT pg_catalog.setval('public.auth_permission_id_seq', 48, true);


--
-- Name: auth_user_groups_id_seq; Type: SEQUENCE SET; Schema: public; Owner: admin
--

SELECT pg_catalog.setval('public.auth_user_groups_id_seq', 4, true);


--
-- Name: auth_user_id_seq; Type: SEQUENCE SET; Schema: public; Owner: admin
--

SELECT pg_catalog.setval('public.auth_user_id_seq', 7, true);


--
-- Name: auth_user_user_permissions_id_seq; Type: SEQUENCE SET; Schema: public; Owner: admin
--

SELECT pg_catalog.setval('public.auth_user_user_permissions_id_seq', 48, true);


--
-- Name: django_admin_log_id_seq; Type: SEQUENCE SET; Schema: public; Owner: admin
--

SELECT pg_catalog.setval('public.django_admin_log_id_seq', 160, true);


--
-- Name: django_content_type_id_seq; Type: SEQUENCE SET; Schema: public; Owner: admin
--

SELECT pg_catalog.setval('public.django_content_type_id_seq', 12, true);


--
-- Name: django_migrations_id_seq; Type: SEQUENCE SET; Schema: public; Owner: admin
--

SELECT pg_catalog.setval('public.django_migrations_id_seq', 56, true);


--
-- Name: services_reports_id_seq; Type: SEQUENCE SET; Schema: public; Owner: admin
--

SELECT pg_catalog.setval('public.services_reports_id_seq', 484, true);


--
-- Name: services_roles_id_seq; Type: SEQUENCE SET; Schema: public; Owner: admin
--

SELECT pg_catalog.setval('public.services_roles_id_seq', 34, true);


--
-- Name: services_services_id_seq; Type: SEQUENCE SET; Schema: public; Owner: admin
--

SELECT pg_catalog.setval('public.services_services_id_seq', 28, true);


--
-- Name: services_structures_id_seq; Type: SEQUENCE SET; Schema: public; Owner: admin
--

SELECT pg_catalog.setval('public.services_structures_id_seq', 5, true);


--
-- Name: services_users_id_seq; Type: SEQUENCE SET; Schema: public; Owner: admin
--

SELECT pg_catalog.setval('public.services_users_id_seq', 39, true);


--
-- Name: auth_group auth_group_name_key; Type: CONSTRAINT; Schema: public; Owner: admin
--

ALTER TABLE ONLY public.auth_group
    ADD CONSTRAINT auth_group_name_key UNIQUE (name);


--
-- Name: auth_group_permissions auth_group_permissions_group_id_permission_id_0cd325b0_uniq; Type: CONSTRAINT; Schema: public; Owner: admin
--

ALTER TABLE ONLY public.auth_group_permissions
    ADD CONSTRAINT auth_group_permissions_group_id_permission_id_0cd325b0_uniq UNIQUE (group_id, permission_id);


--
-- Name: auth_group_permissions auth_group_permissions_pkey; Type: CONSTRAINT; Schema: public; Owner: admin
--

ALTER TABLE ONLY public.auth_group_permissions
    ADD CONSTRAINT auth_group_permissions_pkey PRIMARY KEY (id);


--
-- Name: auth_group auth_group_pkey; Type: CONSTRAINT; Schema: public; Owner: admin
--

ALTER TABLE ONLY public.auth_group
    ADD CONSTRAINT auth_group_pkey PRIMARY KEY (id);


--
-- Name: auth_permission auth_permission_content_type_id_codename_01ab375a_uniq; Type: CONSTRAINT; Schema: public; Owner: admin
--

ALTER TABLE ONLY public.auth_permission
    ADD CONSTRAINT auth_permission_content_type_id_codename_01ab375a_uniq UNIQUE (content_type_id, codename);


--
-- Name: auth_permission auth_permission_pkey; Type: CONSTRAINT; Schema: public; Owner: admin
--

ALTER TABLE ONLY public.auth_permission
    ADD CONSTRAINT auth_permission_pkey PRIMARY KEY (id);


--
-- Name: auth_user_groups auth_user_groups_pkey; Type: CONSTRAINT; Schema: public; Owner: admin
--

ALTER TABLE ONLY public.auth_user_groups
    ADD CONSTRAINT auth_user_groups_pkey PRIMARY KEY (id);


--
-- Name: auth_user_groups auth_user_groups_user_id_group_id_94350c0c_uniq; Type: CONSTRAINT; Schema: public; Owner: admin
--

ALTER TABLE ONLY public.auth_user_groups
    ADD CONSTRAINT auth_user_groups_user_id_group_id_94350c0c_uniq UNIQUE (user_id, group_id);


--
-- Name: auth_user auth_user_pkey; Type: CONSTRAINT; Schema: public; Owner: admin
--

ALTER TABLE ONLY public.auth_user
    ADD CONSTRAINT auth_user_pkey PRIMARY KEY (id);


--
-- Name: auth_user_user_permissions auth_user_user_permissions_pkey; Type: CONSTRAINT; Schema: public; Owner: admin
--

ALTER TABLE ONLY public.auth_user_user_permissions
    ADD CONSTRAINT auth_user_user_permissions_pkey PRIMARY KEY (id);


--
-- Name: auth_user_user_permissions auth_user_user_permissions_user_id_permission_id_14a6b632_uniq; Type: CONSTRAINT; Schema: public; Owner: admin
--

ALTER TABLE ONLY public.auth_user_user_permissions
    ADD CONSTRAINT auth_user_user_permissions_user_id_permission_id_14a6b632_uniq UNIQUE (user_id, permission_id);


--
-- Name: auth_user auth_user_username_key; Type: CONSTRAINT; Schema: public; Owner: admin
--

ALTER TABLE ONLY public.auth_user
    ADD CONSTRAINT auth_user_username_key UNIQUE (username);


--
-- Name: django_admin_log django_admin_log_pkey; Type: CONSTRAINT; Schema: public; Owner: admin
--

ALTER TABLE ONLY public.django_admin_log
    ADD CONSTRAINT django_admin_log_pkey PRIMARY KEY (id);


--
-- Name: django_content_type django_content_type_app_label_model_76bd3d3b_uniq; Type: CONSTRAINT; Schema: public; Owner: admin
--

ALTER TABLE ONLY public.django_content_type
    ADD CONSTRAINT django_content_type_app_label_model_76bd3d3b_uniq UNIQUE (app_label, model);


--
-- Name: django_content_type django_content_type_pkey; Type: CONSTRAINT; Schema: public; Owner: admin
--

ALTER TABLE ONLY public.django_content_type
    ADD CONSTRAINT django_content_type_pkey PRIMARY KEY (id);


--
-- Name: django_migrations django_migrations_pkey; Type: CONSTRAINT; Schema: public; Owner: admin
--

ALTER TABLE ONLY public.django_migrations
    ADD CONSTRAINT django_migrations_pkey PRIMARY KEY (id);


--
-- Name: django_session django_session_pkey; Type: CONSTRAINT; Schema: public; Owner: admin
--

ALTER TABLE ONLY public.django_session
    ADD CONSTRAINT django_session_pkey PRIMARY KEY (session_key);


--
-- Name: services_reports services_reports_pkey; Type: CONSTRAINT; Schema: public; Owner: admin
--

ALTER TABLE ONLY public.services_reports
    ADD CONSTRAINT services_reports_pkey PRIMARY KEY (id);


--
-- Name: services_roles services_roles_pkey; Type: CONSTRAINT; Schema: public; Owner: admin
--

ALTER TABLE ONLY public.services_roles
    ADD CONSTRAINT services_roles_pkey PRIMARY KEY (id);


--
-- Name: services_services services_services_pkey; Type: CONSTRAINT; Schema: public; Owner: admin
--

ALTER TABLE ONLY public.services_services
    ADD CONSTRAINT services_services_pkey PRIMARY KEY (id);


--
-- Name: services_structures services_structures_pkey; Type: CONSTRAINT; Schema: public; Owner: admin
--

ALTER TABLE ONLY public.services_structures
    ADD CONSTRAINT services_structures_pkey PRIMARY KEY (id);


--
-- Name: services_users services_users_pkey; Type: CONSTRAINT; Schema: public; Owner: admin
--

ALTER TABLE ONLY public.services_users
    ADD CONSTRAINT services_users_pkey PRIMARY KEY (id);


--
-- Name: services_users services_users_user_id_key; Type: CONSTRAINT; Schema: public; Owner: admin
--

ALTER TABLE ONLY public.services_users
    ADD CONSTRAINT services_users_user_id_key UNIQUE (user_id);


--
-- Name: auth_group_name_a6ea08ec_like; Type: INDEX; Schema: public; Owner: admin
--

CREATE INDEX auth_group_name_a6ea08ec_like ON public.auth_group USING btree (name varchar_pattern_ops);


--
-- Name: auth_group_permissions_group_id_b120cbf9; Type: INDEX; Schema: public; Owner: admin
--

CREATE INDEX auth_group_permissions_group_id_b120cbf9 ON public.auth_group_permissions USING btree (group_id);


--
-- Name: auth_group_permissions_permission_id_84c5c92e; Type: INDEX; Schema: public; Owner: admin
--

CREATE INDEX auth_group_permissions_permission_id_84c5c92e ON public.auth_group_permissions USING btree (permission_id);


--
-- Name: auth_permission_content_type_id_2f476e4b; Type: INDEX; Schema: public; Owner: admin
--

CREATE INDEX auth_permission_content_type_id_2f476e4b ON public.auth_permission USING btree (content_type_id);


--
-- Name: auth_user_groups_group_id_97559544; Type: INDEX; Schema: public; Owner: admin
--

CREATE INDEX auth_user_groups_group_id_97559544 ON public.auth_user_groups USING btree (group_id);


--
-- Name: auth_user_groups_user_id_6a12ed8b; Type: INDEX; Schema: public; Owner: admin
--

CREATE INDEX auth_user_groups_user_id_6a12ed8b ON public.auth_user_groups USING btree (user_id);


--
-- Name: auth_user_user_permissions_permission_id_1fbb5f2c; Type: INDEX; Schema: public; Owner: admin
--

CREATE INDEX auth_user_user_permissions_permission_id_1fbb5f2c ON public.auth_user_user_permissions USING btree (permission_id);


--
-- Name: auth_user_user_permissions_user_id_a95ead1b; Type: INDEX; Schema: public; Owner: admin
--

CREATE INDEX auth_user_user_permissions_user_id_a95ead1b ON public.auth_user_user_permissions USING btree (user_id);


--
-- Name: auth_user_username_6821ab7c_like; Type: INDEX; Schema: public; Owner: admin
--

CREATE INDEX auth_user_username_6821ab7c_like ON public.auth_user USING btree (username varchar_pattern_ops);


--
-- Name: django_admin_log_content_type_id_c4bce8eb; Type: INDEX; Schema: public; Owner: admin
--

CREATE INDEX django_admin_log_content_type_id_c4bce8eb ON public.django_admin_log USING btree (content_type_id);


--
-- Name: django_admin_log_user_id_c564eba6; Type: INDEX; Schema: public; Owner: admin
--

CREATE INDEX django_admin_log_user_id_c564eba6 ON public.django_admin_log USING btree (user_id);


--
-- Name: django_session_expire_date_a5c62663; Type: INDEX; Schema: public; Owner: admin
--

CREATE INDEX django_session_expire_date_a5c62663 ON public.django_session USING btree (expire_date);


--
-- Name: django_session_session_key_c0390e0f_like; Type: INDEX; Schema: public; Owner: admin
--

CREATE INDEX django_session_session_key_c0390e0f_like ON public.django_session USING btree (session_key varchar_pattern_ops);


--
-- Name: services_reports_service_id_12366763; Type: INDEX; Schema: public; Owner: admin
--

CREATE INDEX services_reports_service_id_12366763 ON public.services_reports USING btree (service_id);


--
-- Name: services_reports_structure_id_e169bc11; Type: INDEX; Schema: public; Owner: admin
--

CREATE INDEX services_reports_structure_id_e169bc11 ON public.services_reports USING btree (structure_id);


--
-- Name: services_services_structure_id_9f34024d; Type: INDEX; Schema: public; Owner: admin
--

CREATE INDEX services_services_structure_id_9f34024d ON public.services_services USING btree (structure_id);


--
-- Name: services_structures_employee_id_8595b105; Type: INDEX; Schema: public; Owner: admin
--

CREATE INDEX services_structures_employee_id_8595b105 ON public.services_structures USING btree (employee_id);


--
-- Name: services_users_role_id_c9f1d13b; Type: INDEX; Schema: public; Owner: admin
--

CREATE INDEX services_users_role_id_c9f1d13b ON public.services_users USING btree (role_id);


--
-- Name: auth_group_permissions auth_group_permissio_permission_id_84c5c92e_fk_auth_perm; Type: FK CONSTRAINT; Schema: public; Owner: admin
--

ALTER TABLE ONLY public.auth_group_permissions
    ADD CONSTRAINT auth_group_permissio_permission_id_84c5c92e_fk_auth_perm FOREIGN KEY (permission_id) REFERENCES public.auth_permission(id) DEFERRABLE INITIALLY DEFERRED;


--
-- Name: auth_group_permissions auth_group_permissions_group_id_b120cbf9_fk_auth_group_id; Type: FK CONSTRAINT; Schema: public; Owner: admin
--

ALTER TABLE ONLY public.auth_group_permissions
    ADD CONSTRAINT auth_group_permissions_group_id_b120cbf9_fk_auth_group_id FOREIGN KEY (group_id) REFERENCES public.auth_group(id) DEFERRABLE INITIALLY DEFERRED;


--
-- Name: auth_permission auth_permission_content_type_id_2f476e4b_fk_django_co; Type: FK CONSTRAINT; Schema: public; Owner: admin
--

ALTER TABLE ONLY public.auth_permission
    ADD CONSTRAINT auth_permission_content_type_id_2f476e4b_fk_django_co FOREIGN KEY (content_type_id) REFERENCES public.django_content_type(id) DEFERRABLE INITIALLY DEFERRED;


--
-- Name: auth_user_groups auth_user_groups_group_id_97559544_fk_auth_group_id; Type: FK CONSTRAINT; Schema: public; Owner: admin
--

ALTER TABLE ONLY public.auth_user_groups
    ADD CONSTRAINT auth_user_groups_group_id_97559544_fk_auth_group_id FOREIGN KEY (group_id) REFERENCES public.auth_group(id) DEFERRABLE INITIALLY DEFERRED;


--
-- Name: auth_user_groups auth_user_groups_user_id_6a12ed8b_fk_auth_user_id; Type: FK CONSTRAINT; Schema: public; Owner: admin
--

ALTER TABLE ONLY public.auth_user_groups
    ADD CONSTRAINT auth_user_groups_user_id_6a12ed8b_fk_auth_user_id FOREIGN KEY (user_id) REFERENCES public.auth_user(id) DEFERRABLE INITIALLY DEFERRED;


--
-- Name: auth_user_user_permissions auth_user_user_permi_permission_id_1fbb5f2c_fk_auth_perm; Type: FK CONSTRAINT; Schema: public; Owner: admin
--

ALTER TABLE ONLY public.auth_user_user_permissions
    ADD CONSTRAINT auth_user_user_permi_permission_id_1fbb5f2c_fk_auth_perm FOREIGN KEY (permission_id) REFERENCES public.auth_permission(id) DEFERRABLE INITIALLY DEFERRED;


--
-- Name: auth_user_user_permissions auth_user_user_permissions_user_id_a95ead1b_fk_auth_user_id; Type: FK CONSTRAINT; Schema: public; Owner: admin
--

ALTER TABLE ONLY public.auth_user_user_permissions
    ADD CONSTRAINT auth_user_user_permissions_user_id_a95ead1b_fk_auth_user_id FOREIGN KEY (user_id) REFERENCES public.auth_user(id) DEFERRABLE INITIALLY DEFERRED;


--
-- Name: django_admin_log django_admin_log_content_type_id_c4bce8eb_fk_django_co; Type: FK CONSTRAINT; Schema: public; Owner: admin
--

ALTER TABLE ONLY public.django_admin_log
    ADD CONSTRAINT django_admin_log_content_type_id_c4bce8eb_fk_django_co FOREIGN KEY (content_type_id) REFERENCES public.django_content_type(id) DEFERRABLE INITIALLY DEFERRED;


--
-- Name: django_admin_log django_admin_log_user_id_c564eba6_fk_auth_user_id; Type: FK CONSTRAINT; Schema: public; Owner: admin
--

ALTER TABLE ONLY public.django_admin_log
    ADD CONSTRAINT django_admin_log_user_id_c564eba6_fk_auth_user_id FOREIGN KEY (user_id) REFERENCES public.auth_user(id) DEFERRABLE INITIALLY DEFERRED;


--
-- Name: services_reports services_reports_service_id_12366763_fk_services_services_id; Type: FK CONSTRAINT; Schema: public; Owner: admin
--

ALTER TABLE ONLY public.services_reports
    ADD CONSTRAINT services_reports_service_id_12366763_fk_services_services_id FOREIGN KEY (service_id) REFERENCES public.services_services(id) DEFERRABLE INITIALLY DEFERRED;


--
-- Name: services_reports services_reports_structure_id_e169bc11_fk_services_; Type: FK CONSTRAINT; Schema: public; Owner: admin
--

ALTER TABLE ONLY public.services_reports
    ADD CONSTRAINT services_reports_structure_id_e169bc11_fk_services_ FOREIGN KEY (structure_id) REFERENCES public.services_structures(id) DEFERRABLE INITIALLY DEFERRED;


--
-- Name: services_services services_services_structure_id_9f34024d_fk_services_; Type: FK CONSTRAINT; Schema: public; Owner: admin
--

ALTER TABLE ONLY public.services_services
    ADD CONSTRAINT services_services_structure_id_9f34024d_fk_services_ FOREIGN KEY (structure_id) REFERENCES public.services_structures(id) DEFERRABLE INITIALLY DEFERRED;


--
-- Name: services_structures services_structures_employee_id_8595b105_fk_services_users_id; Type: FK CONSTRAINT; Schema: public; Owner: admin
--

ALTER TABLE ONLY public.services_structures
    ADD CONSTRAINT services_structures_employee_id_8595b105_fk_services_users_id FOREIGN KEY (employee_id) REFERENCES public.services_users(id) DEFERRABLE INITIALLY DEFERRED;


--
-- Name: services_users services_users_role_id_c9f1d13b_fk_services_roles_id; Type: FK CONSTRAINT; Schema: public; Owner: admin
--

ALTER TABLE ONLY public.services_users
    ADD CONSTRAINT services_users_role_id_c9f1d13b_fk_services_roles_id FOREIGN KEY (role_id) REFERENCES public.services_roles(id) DEFERRABLE INITIALLY DEFERRED;


--
-- Name: services_users services_users_user_id_42127720_fk_auth_user_id; Type: FK CONSTRAINT; Schema: public; Owner: admin
--

ALTER TABLE ONLY public.services_users
    ADD CONSTRAINT services_users_user_id_42127720_fk_auth_user_id FOREIGN KEY (user_id) REFERENCES public.auth_user(id) DEFERRABLE INITIALLY DEFERRED;


--
-- PostgreSQL database dump complete
--

